user_id,cluster_id,segment,treatment,cluster_treated_share,pre_period_msi,post_period_msi
0,0,casual,0,0.425,4.73,3.51
1,0,casual,1,0.425,5.87,5.01
2,0,casual,1,0.425,6.46,5.36
3,0,power,1,0.425,19.82,26.2
4,0,dormant,0,0.425,5.17,3.4
5,0,casual,1,0.425,3.46,5.67
6,0,casual,0,0.425,7.44,12.02
7,0,casual,0,0.425,6.54,6.09
8,0,casual,0,0.425,3.11,4.43
9,0,casual,0,0.425,0.78,6.56
10,0,casual,1,0.425,7.07,6.61
11,0,dormant,1,0.425,2.6,2.78
12,0,dormant,0,0.425,3.52,0.66
13,0,power,0,0.425,16.12,19.92
14,0,casual,0,0.425,1.89,2.17
15,0,dormant,0,0.425,3.6,3.09
16,0,dormant,0,0.425,0.21,0.7
17,0,casual,0,0.425,5.35,4.21
18,0,casual,0,0.425,7.51,3.63
19,0,power,1,0.425,12.66,17.81
20,0,dormant,0,0.425,1.1,0.28
21,0,dormant,1,0.425,0.0,0.0
22,0,dormant,1,0.425,1.14,3.95
23,0,power,0,0.425,9.1,16.21
24,0,casual,1,0.425,4.22,1.32
25,0,casual,0,0.425,5.23,4.44
26,0,dormant,0,0.425,0.49,1.39
27,0,casual,0,0.425,2.49,6.81
28,0,dormant,0,0.425,0.79,1.37
29,0,casual,0,0.425,5.64,8.53
30,0,dormant,1,0.425,1.59,1.77
31,0,power,1,0.425,11.84,14.59
32,0,casual,1,0.425,5.16,5.41
33,0,casual,1,0.425,9.68,6.6
34,0,dormant,1,0.425,1.1,0.0
35,0,casual,0,0.425,6.29,4.68
36,0,dormant,0,0.425,0.0,0.08
37,0,casual,1,0.425,7.24,5.63
38,0,dormant,0,0.425,1.84,0.54
39,0,casual,1,0.425,4.86,6.77
40,1,casual,0,0.475,6.54,5.39
41,1,casual,0,0.475,8.28,7.33
42,1,casual,0,0.475,1.28,0.62
43,1,casual,1,0.475,1.97,3.07
44,1,power,1,0.475,19.47,21.02
45,1,dormant,1,0.475,0.0,1.11
46,1,casual,1,0.475,6.14,7.23
47,1,casual,1,0.475,4.68,5.09
48,1,power,0,0.475,9.88,14.83
49,1,dormant,0,0.475,2.08,0.0
50,1,casual,1,0.475,7.57,9.23
51,1,casual,1,0.475,3.98,4.83
52,1,casual,0,0.475,6.36,5.29
53,1,casual,1,0.475,1.74,4.18
54,1,casual,0,0.475,6.18,9.75
55,1,casual,1,0.475,5.31,4.5
56,1,casual,0,0.475,1.67,3.82
57,1,casual,0,0.475,8.29,8.8
58,1,casual,0,0.475,6.22,6.25
59,1,casual,1,0.475,4.29,4.14
60,1,dormant,0,0.475,5.05,0.0
61,1,dormant,1,0.475,2.34,1.97
62,1,casual,0,0.475,8.9,9.9
63,1,casual,1,0.475,2.85,3.13
64,1,casual,0,0.475,7.63,4.21
65,1,dormant,1,0.475,0.0,1.99
66,1,casual,1,0.475,7.06,7.29
67,1,dormant,0,0.475,2.32,1.45
68,1,casual,1,0.475,7.91,8.16
69,1,casual,1,0.475,4.52,7.32
70,1,casual,0,0.475,8.94,9.12
71,1,casual,0,0.475,4.47,6.3
72,1,dormant,0,0.475,3.85,6.86
73,1,casual,1,0.475,7.79,6.44
74,1,dormant,0,0.475,0.85,3.57
75,1,casual,0,0.475,3.46,6.42
76,1,casual,0,0.475,3.2,3.75
77,1,casual,0,0.475,5.91,1.78
78,1,casual,1,0.475,5.13,7.08
79,1,casual,1,0.475,0.65,1.32
80,2,power,0,0.625,18.55,17.92
81,2,casual,1,0.625,7.1,8.64
82,2,dormant,0,0.625,2.81,1.94
83,2,casual,1,0.625,9.19,9.42
84,2,casual,1,0.625,5.54,8.65
85,2,dormant,1,0.625,0.0,0.08
86,2,power,1,0.625,16.98,18.0
87,2,power,1,0.625,10.14,13.36
88,2,casual,0,0.625,3.4,5.34
89,2,dormant,1,0.625,1.08,0.0
90,2,casual,0,0.625,7.15,8.23
91,2,casual,1,0.625,10.71,8.64
92,2,casual,1,0.625,6.81,10.99
93,2,casual,1,0.625,6.66,7.53
94,2,power,1,0.625,7.11,9.4
95,2,casual,1,0.625,5.41,4.5
96,2,dormant,0,0.625,0.0,0.0
97,2,power,0,0.625,19.39,21.17
98,2,casual,0,0.625,4.33,7.83
99,2,dormant,0,0.625,5.51,3.0
100,2,casual,1,0.625,6.25,8.47
101,2,power,1,0.625,8.7,9.69
102,2,power,1,0.625,10.14,16.86
103,2,power,0,0.625,15.07,12.17
104,2,casual,0,0.625,2.05,5.66
105,2,casual,1,0.625,7.32,8.97
106,2,casual,1,0.625,5.19,5.93
107,2,power,1,0.625,14.39,16.24
108,2,dormant,0,0.625,1.07,0.22
109,2,dormant,0,0.625,0.0,3.37
110,2,dormant,0,0.625,1.39,3.19
111,2,power,1,0.625,14.36,13.19
112,2,power,0,0.625,11.43,9.47
113,2,power,1,0.625,13.87,14.85
114,2,dormant,0,0.625,0.11,3.12
115,2,casual,1,0.625,3.06,0.07
116,2,casual,1,0.625,5.72,7.88
117,2,casual,1,0.625,4.22,3.88
118,2,dormant,1,0.625,0.0,2.4
119,2,dormant,1,0.625,0.0,4.51
120,3,casual,1,0.5,5.58,4.88
121,3,casual,0,0.5,3.39,5.33
122,3,dormant,0,0.5,0.65,2.6
123,3,dormant,0,0.5,0.0,0.67
124,3,casual,0,0.5,0.0,2.03
125,3,casual,1,0.5,7.75,4.92
126,3,casual,0,0.5,7.22,1.02
127,3,casual,1,0.5,3.71,4.7
128,3,casual,0,0.5,9.85,6.34
129,3,power,0,0.5,7.85,11.72
130,3,power,1,0.5,17.97,18.09
131,3,power,1,0.5,15.92,19.51
132,3,casual,0,0.5,5.6,9.71
133,3,casual,0,0.5,10.0,10.77
134,3,power,0,0.5,18.48,18.39
135,3,casual,1,0.5,5.25,5.78
136,3,dormant,0,0.5,3.97,2.44
137,3,dormant,1,0.5,4.15,0.07
138,3,casual,0,0.5,7.45,5.26
139,3,casual,0,0.5,7.99,6.98
140,3,casual,1,0.5,4.4,3.53
141,3,dormant,1,0.5,2.39,2.23
142,3,dormant,0,0.5,0.0,2.55
143,3,casual,1,0.5,2.64,3.6
144,3,power,1,0.5,9.38,14.25
145,3,casual,1,0.5,6.02,8.32
146,3,dormant,0,0.5,2.7,1.56
147,3,dormant,1,0.5,5.73,2.08
148,3,dormant,0,0.5,3.26,0.72
149,3,power,0,0.5,12.08,13.62
150,3,casual,1,0.5,4.3,7.8
151,3,casual,1,0.5,0.0,5.3
152,3,dormant,0,0.5,1.88,0.0
153,3,dormant,1,0.5,2.14,4.95
154,3,casual,1,0.5,1.98,5.59
155,3,dormant,0,0.5,1.28,2.45
156,3,casual,1,0.5,7.33,7.78
157,3,power,1,0.5,17.87,21.72
158,3,casual,1,0.5,7.14,9.72
159,3,casual,0,0.5,7.57,8.37
160,4,dormant,1,0.575,0.0,3.52
161,4,casual,0,0.575,4.37,4.51
162,4,dormant,0,0.575,0.24,0.0
163,4,dormant,1,0.575,2.87,3.02
164,4,casual,0,0.575,6.28,4.69
165,4,dormant,0,0.575,0.68,2.19
166,4,dormant,1,0.575,0.0,0.17
167,4,dormant,1,0.575,2.67,2.36
168,4,dormant,1,0.575,4.4,4.5
169,4,casual,1,0.575,9.71,11.02
170,4,power,1,0.575,9.46,12.1
171,4,casual,1,0.575,1.61,4.58
172,4,casual,1,0.575,7.44,8.05
173,4,casual,1,0.575,7.5,9.71
174,4,dormant,0,0.575,1.53,3.1
175,4,dormant,0,0.575,0.0,0.0
176,4,casual,0,0.575,4.55,8.56
177,4,casual,1,0.575,1.74,3.42
178,4,power,1,0.575,13.86,17.3
179,4,casual,0,0.575,1.34,2.9
180,4,dormant,0,0.575,2.49,0.0
181,4,dormant,0,0.575,1.23,0.0
182,4,casual,1,0.575,8.81,5.32
183,4,casual,1,0.575,3.09,2.02
184,4,casual,0,0.575,2.11,2.08
185,4,power,0,0.575,19.84,17.46
186,4,dormant,1,0.575,0.78,0.0
187,4,dormant,0,0.575,0.0,0.0
188,4,casual,0,0.575,2.61,4.07
189,4,casual,0,0.575,6.07,8.15
190,4,power,1,0.575,20.7,24.9
191,4,dormant,0,0.575,3.72,1.19
192,4,casual,1,0.575,2.29,3.78
193,4,casual,1,0.575,12.05,12.43
194,4,casual,1,0.575,9.51,9.43
195,4,dormant,1,0.575,1.98,4.31
196,4,power,1,0.575,16.77,17.82
197,4,dormant,0,0.575,1.55,1.33
198,4,power,1,0.575,14.48,18.67
199,4,power,1,0.575,13.7,17.91
200,5,casual,0,0.425,3.4,3.41
201,5,casual,1,0.425,4.17,6.58
202,5,casual,1,0.425,8.1,11.24
203,5,dormant,0,0.425,2.4,3.31
204,5,dormant,0,0.425,3.42,0.0
205,5,dormant,1,0.425,0.0,0.0
206,5,power,1,0.425,16.52,19.2
207,5,dormant,0,0.425,0.0,1.15
208,5,dormant,0,0.425,3.01,2.3
209,5,power,0,0.425,14.3,14.69
210,5,casual,1,0.425,3.42,4.35
211,5,dormant,0,0.425,0.62,0.54
212,5,power,1,0.425,3.73,7.99
213,5,casual,0,0.425,6.99,7.69
214,5,dormant,0,0.425,0.2,1.92
215,5,casual,1,0.425,5.32,6.66
216,5,dormant,0,0.425,2.85,0.88
217,5,dormant,1,0.425,0.62,4.03
218,5,casual,1,0.425,8.44,8.84
219,5,dormant,0,0.425,0.0,0.25
220,5,casual,0,0.425,3.62,3.81
221,5,dormant,1,0.425,2.83,2.69
222,5,dormant,1,0.425,5.89,3.69
223,5,casual,0,0.425,7.24,7.91
224,5,dormant,0,0.425,1.33,1.87
225,5,dormant,0,0.425,2.79,1.62
226,5,dormant,0,0.425,1.78,3.44
227,5,dormant,1,0.425,0.92,1.66
228,5,casual,0,0.425,7.17,6.14
229,5,casual,0,0.425,5.49,7.14
230,5,dormant,1,0.425,3.32,0.0
231,5,casual,0,0.425,6.61,5.96
232,5,casual,0,0.425,5.56,4.11
233,5,casual,0,0.425,4.12,4.23
234,5,casual,1,0.425,2.27,4.47
235,5,casual,0,0.425,3.59,5.0
236,5,dormant,1,0.425,0.0,1.66
237,5,power,1,0.425,11.05,15.34
238,5,casual,0,0.425,6.68,5.43
239,5,power,1,0.425,5.35,8.36
240,6,casual,1,0.475,4.89,6.13
241,6,dormant,0,0.475,2.79,3.44
242,6,casual,1,0.475,2.18,6.26
243,6,casual,1,0.475,3.58,4.87
244,6,dormant,0,0.475,0.0,1.18
245,6,power,1,0.475,15.5,14.8
246,6,casual,1,0.475,8.44,10.39
247,6,casual,1,0.475,5.77,8.92
248,6,casual,0,0.475,5.12,2.86
249,6,casual,1,0.475,7.53,8.77
250,6,casual,0,0.475,8.47,7.56
251,6,dormant,1,0.475,2.36,1.19
252,6,casual,1,0.475,5.41,6.38
253,6,casual,0,0.475,0.79,3.28
254,6,dormant,1,0.475,0.0,0.0
255,6,power,0,0.475,10.78,13.38
256,6,dormant,0,0.475,0.0,0.0
257,6,casual,0,0.475,7.21,8.35
258,6,casual,0,0.475,3.46,2.62
259,6,dormant,0,0.475,0.0,0.92
260,6,casual,0,0.475,4.61,4.43
261,6,casual,1,0.475,6.88,7.72
262,6,dormant,1,0.475,3.23,1.06
263,6,power,0,0.475,16.37,22.46
264,6,casual,0,0.475,4.94,10.29
265,6,casual,1,0.475,3.09,4.2
266,6,casual,0,0.475,8.47,7.23
267,6,casual,1,0.475,4.49,6.14
268,6,casual,1,0.475,9.92,10.79
269,6,casual,1,0.475,2.3,3.42
270,6,dormant,0,0.475,3.72,0.0
271,6,power,0,0.475,18.91,18.83
272,6,dormant,1,0.475,0.0,1.62
273,6,casual,0,0.475,2.64,3.81
274,6,casual,0,0.475,6.06,6.19
275,6,casual,0,0.475,3.86,7.31
276,6,power,1,0.475,14.23,16.17
277,6,dormant,0,0.475,1.75,0.0
278,6,casual,0,0.475,6.89,6.42
279,6,power,1,0.475,19.86,25.5
280,7,casual,1,0.775,7.96,8.47
281,7,casual,1,0.775,7.95,7.3
282,7,dormant,0,0.775,1.3,1.9
283,7,dormant,0,0.775,0.0,0.0
284,7,dormant,1,0.775,0.0,0.0
285,7,casual,1,0.775,2.31,5.03
286,7,casual,0,0.775,2.49,3.93
287,7,casual,1,0.775,4.48,7.78
288,7,power,0,0.775,7.27,9.05
289,7,casual,1,0.775,10.97,8.28
290,7,casual,1,0.775,3.07,6.83
291,7,casual,1,0.775,7.88,9.79
292,7,casual,1,0.775,5.48,3.57
293,7,casual,0,0.775,3.09,4.62
294,7,dormant,0,0.775,0.59,0.83
295,7,casual,1,0.775,0.32,1.95
296,7,casual,1,0.775,4.66,3.32
297,7,dormant,1,0.775,0.0,2.11
298,7,casual,0,0.775,6.09,7.63
299,7,dormant,1,0.775,1.24,3.45
300,7,dormant,1,0.775,0.0,0.73
301,7,casual,1,0.775,4.98,4.51
302,7,dormant,1,0.775,3.9,4.87
303,7,power,1,0.775,8.71,13.63
304,7,casual,0,0.775,4.51,3.5
305,7,dormant,1,0.775,0.0,1.86
306,7,dormant,1,0.775,3.12,3.52
307,7,casual,1,0.775,7.57,9.47
308,7,casual,1,0.775,7.63,3.18
309,7,casual,1,0.775,3.08,9.05
310,7,dormant,1,0.775,0.05,2.0
311,7,power,1,0.775,18.29,22.13
312,7,dormant,1,0.775,3.84,3.41
313,7,dormant,1,0.775,0.0,2.86
314,7,casual,1,0.775,4.42,9.3
315,7,casual,1,0.775,9.87,11.13
316,7,casual,0,0.775,5.16,5.12
317,7,casual,1,0.775,10.39,9.87
318,7,dormant,1,0.775,1.99,1.14
319,7,casual,1,0.775,6.77,6.29
320,8,casual,1,0.4,2.73,3.76
321,8,casual,0,0.4,4.8,1.92
322,8,dormant,1,0.4,2.12,1.28
323,8,power,0,0.4,7.04,6.8
324,8,casual,0,0.4,6.28,7.18
325,8,casual,1,0.4,5.97,4.77
326,8,casual,1,0.4,1.61,4.23
327,8,power,0,0.4,15.24,16.46
328,8,casual,1,0.4,6.72,7.68
329,8,dormant,1,0.4,3.36,0.67
330,8,power,0,0.4,7.14,8.19
331,8,dormant,0,0.4,5.82,1.18
332,8,casual,0,0.4,7.45,9.67
333,8,dormant,0,0.4,3.59,4.54
334,8,casual,0,0.4,2.98,2.88
335,8,power,0,0.4,1.85,3.67
336,8,casual,0,0.4,5.2,5.06
337,8,dormant,1,0.4,0.24,0.7
338,8,power,0,0.4,19.86,23.1
339,8,casual,1,0.4,8.0,8.77
340,8,power,0,0.4,12.83,12.65
341,8,power,1,0.4,14.46,19.12
342,8,casual,0,0.4,5.44,5.54
343,8,casual,1,0.4,4.47,8.95
344,8,dormant,1,0.4,1.43,2.38
345,8,dormant,1,0.4,2.72,0.0
346,8,power,1,0.4,15.78,17.76
347,8,dormant,0,0.4,3.84,2.85
348,8,casual,0,0.4,7.55,9.14
349,8,casual,0,0.4,3.78,7.78
350,8,dormant,1,0.4,0.13,2.78
351,8,casual,0,0.4,2.99,4.34
352,8,casual,1,0.4,6.19,7.41
353,8,casual,0,0.4,8.56,9.77
354,8,casual,0,0.4,7.37,8.12
355,8,casual,0,0.4,8.2,8.23
356,8,casual,0,0.4,4.65,5.44
357,8,casual,1,0.4,6.54,7.99
358,8,power,0,0.4,9.44,13.18
359,8,dormant,0,0.4,0.37,0.0
360,9,casual,1,0.55,6.55,7.32
361,9,power,1,0.55,17.91,23.56
362,9,casual,1,0.55,8.99,10.35
363,9,casual,1,0.55,1.75,4.26
364,9,casual,1,0.55,8.18,6.09
365,9,power,0,0.55,6.19,7.81
366,9,power,0,0.55,10.01,14.86
367,9,casual,0,0.55,5.31,4.54
368,9,casual,0,0.55,5.95,7.07
369,9,dormant,0,0.55,0.0,3.4
370,9,casual,1,0.55,2.39,8.39
371,9,dormant,1,0.55,0.97,0.0
372,9,casual,0,0.55,4.81,7.82
373,9,dormant,1,0.55,2.76,0.38
374,9,power,1,0.55,14.97,17.6
375,9,casual,1,0.55,4.94,3.18
376,9,casual,1,0.55,7.83,8.22
377,9,dormant,0,0.55,1.34,1.94
378,9,casual,1,0.55,8.08,9.67
379,9,casual,0,0.55,5.75,4.95
380,9,casual,1,0.55,4.54,4.54
381,9,casual,1,0.55,3.95,4.23
382,9,dormant,0,0.55,0.37,0.03
383,9,casual,1,0.55,5.56,3.17
384,9,casual,0,0.55,9.84,9.43
385,9,casual,1,0.55,6.61,7.27
386,9,dormant,0,0.55,0.0,0.0
387,9,casual,0,0.55,8.28,6.82
388,9,casual,1,0.55,8.03,7.55
389,9,casual,0,0.55,5.65,6.79
390,9,casual,1,0.55,2.63,3.82
391,9,dormant,0,0.55,0.3,0.0
392,9,casual,1,0.55,10.0,8.63
393,9,dormant,0,0.55,1.17,2.92
394,9,dormant,0,0.55,2.76,5.51
395,9,dormant,1,0.55,2.14,3.52
396,9,casual,0,0.55,7.75,6.47
397,9,dormant,1,0.55,3.04,2.76
398,9,casual,0,0.55,6.71,7.16
399,9,casual,1,0.55,3.87,3.81
400,10,power,0,0.325,23.9,20.45
401,10,casual,0,0.325,1.65,3.51
402,10,casual,0,0.325,6.94,7.14
403,10,dormant,0,0.325,1.81,2.92
404,10,casual,0,0.325,5.54,8.11
405,10,casual,0,0.325,3.78,3.14
406,10,casual,1,0.325,10.99,9.65
407,10,dormant,1,0.325,0.0,2.95
408,10,dormant,0,0.325,2.56,3.5
409,10,power,1,0.325,12.52,19.6
410,10,dormant,1,0.325,4.35,1.72
411,10,casual,0,0.325,3.0,6.29
412,10,casual,1,0.325,7.0,8.0
413,10,casual,0,0.325,1.9,4.46
414,10,casual,0,0.325,0.7,0.0
415,10,casual,1,0.325,9.3,9.03
416,10,dormant,1,0.325,0.0,1.35
417,10,casual,1,0.325,6.17,6.75
418,10,casual,1,0.325,5.03,8.66
419,10,power,0,0.325,12.5,13.21
420,10,dormant,0,0.325,3.08,3.28
421,10,casual,0,0.325,3.27,2.7
422,10,casual,0,0.325,9.03,7.66
423,10,casual,0,0.325,6.35,6.17
424,10,casual,0,0.325,6.56,9.54
425,10,casual,0,0.325,8.93,9.51
426,10,casual,1,0.325,8.04,8.04
427,10,dormant,1,0.325,0.43,0.82
428,10,casual,0,0.325,5.78,7.01
429,10,casual,1,0.325,0.2,0.43
430,10,casual,0,0.325,8.42,7.8
431,10,casual,0,0.325,7.84,9.07
432,10,dormant,0,0.325,2.2,3.03
433,10,dormant,1,0.325,0.53,0.0
434,10,casual,0,0.325,4.13,6.64
435,10,dormant,0,0.325,2.68,2.55
436,10,dormant,0,0.325,0.0,0.58
437,10,casual,0,0.325,9.76,9.57
438,10,dormant,0,0.325,3.01,0.0
439,10,power,0,0.325,13.77,13.75
440,11,casual,1,0.6,5.36,5.58
441,11,casual,1,0.6,1.57,5.48
442,11,dormant,1,0.6,4.63,1.62
443,11,casual,0,0.6,4.21,4.25
444,11,power,0,0.6,8.92,7.12
445,11,dormant,1,0.6,1.95,0.0
446,11,casual,1,0.6,4.88,8.36
447,11,power,0,0.6,16.29,16.56
448,11,dormant,0,0.6,0.0,0.0
449,11,dormant,1,0.6,2.66,0.47
450,11,casual,1,0.6,5.02,6.81
451,11,dormant,1,0.6,3.21,3.75
452,11,dormant,0,0.6,3.27,4.03
453,11,casual,0,0.6,6.29,4.93
454,11,dormant,1,0.6,3.56,0.0
455,11,dormant,1,0.6,2.12,0.35
456,11,casual,0,0.6,4.9,7.35
457,11,dormant,1,0.6,1.12,2.08
458,11,dormant,1,0.6,0.05,3.87
459,11,dormant,0,0.6,0.0,0.0
460,11,dormant,0,0.6,0.73,1.13
461,11,power,1,0.6,12.49,19.67
462,11,dormant,1,0.6,3.87,1.26
463,11,power,0,0.6,9.68,13.34
464,11,casual,1,0.6,7.71,8.2
465,11,power,0,0.6,12.77,15.78
466,11,casual,1,0.6,2.25,1.62
467,11,casual,0,0.6,5.1,7.11
468,11,casual,1,0.6,3.65,5.6
469,11,casual,1,0.6,1.86,4.23
470,11,casual,1,0.6,2.84,8.09
471,11,casual,0,0.6,9.72,5.83
472,11,dormant,1,0.6,1.46,0.0
473,11,power,0,0.6,19.83,20.52
474,11,casual,1,0.6,6.7,10.47
475,11,casual,0,0.6,4.2,1.75
476,11,power,0,0.6,7.44,8.37
477,11,power,1,0.6,15.84,16.05
478,11,dormant,1,0.6,0.0,0.0
479,11,dormant,1,0.6,0.5,0.0
480,12,power,1,0.575,13.33,16.12
481,12,casual,0,0.575,7.3,5.41
482,12,power,0,0.575,11.11,11.75
483,12,dormant,1,0.575,1.79,1.63
484,12,casual,1,0.575,4.29,8.39
485,12,casual,1,0.575,6.51,8.75
486,12,dormant,0,0.575,0.95,0.0
487,12,power,1,0.575,12.3,15.18
488,12,casual,0,0.575,8.42,10.92
489,12,power,1,0.575,22.53,21.55
490,12,power,1,0.575,11.87,15.99
491,12,power,1,0.575,9.65,12.04
492,12,dormant,0,0.575,2.35,0.07
493,12,casual,0,0.575,4.18,5.08
494,12,casual,1,0.575,8.18,10.92
495,12,dormant,1,0.575,2.87,0.75
496,12,casual,1,0.575,6.51,7.34
497,12,casual,0,0.575,10.16,8.51
498,12,power,1,0.575,9.23,11.16
499,12,casual,0,0.575,5.72,7.36
500,12,dormant,1,0.575,4.72,2.5
501,12,dormant,1,0.575,1.97,0.44
502,12,power,0,0.575,14.97,15.63
503,12,casual,1,0.575,2.25,7.24
504,12,casual,0,0.575,5.77,9.56
505,12,power,0,0.575,18.23,16.3
506,12,casual,1,0.575,6.21,4.88
507,12,casual,1,0.575,3.0,0.8
508,12,dormant,1,0.575,0.37,3.66
509,12,power,0,0.575,20.54,20.42
510,12,casual,0,0.575,4.51,5.29
511,12,casual,0,0.575,2.43,4.43
512,12,dormant,1,0.575,2.2,3.06
513,12,casual,1,0.575,4.14,3.37
514,12,casual,0,0.575,2.55,2.38
515,12,dormant,0,0.575,2.24,0.0
516,12,dormant,1,0.575,2.3,0.0
517,12,dormant,1,0.575,0.33,0.0
518,12,casual,0,0.575,5.36,5.7
519,12,casual,1,0.575,2.72,3.44
520,13,dormant,0,0.425,2.49,4.23
521,13,casual,1,0.425,3.05,4.97
522,13,casual,1,0.425,0.4,1.51
523,13,power,0,0.425,17.52,15.04
524,13,casual,0,0.425,1.5,2.14
525,13,casual,1,0.425,9.2,7.79
526,13,casual,1,0.425,10.02,10.86
527,13,casual,0,0.425,3.43,4.83
528,13,casual,1,0.425,8.07,10.94
529,13,power,0,0.425,8.97,7.87
530,13,casual,0,0.425,4.97,6.55
531,13,casual,1,0.425,1.6,0.94
532,13,dormant,1,0.425,3.73,0.0
533,13,casual,0,0.425,1.68,1.78
534,13,dormant,0,0.425,0.24,1.14
535,13,power,0,0.425,13.39,14.31
536,13,dormant,1,0.425,0.0,0.78
537,13,casual,0,0.425,7.89,6.79
538,13,power,0,0.425,10.87,12.22
539,13,dormant,1,0.425,1.68,1.35
540,13,casual,1,0.425,4.98,3.47
541,13,dormant,0,0.425,3.28,2.9
542,13,power,0,0.425,12.55,15.62
543,13,power,1,0.425,14.78,18.44
544,13,casual,0,0.425,5.02,4.7
545,13,dormant,0,0.425,0.0,2.88
546,13,power,1,0.425,19.14,22.98
547,13,dormant,0,0.425,0.0,0.3
548,13,casual,0,0.425,7.65,8.57
549,13,casual,1,0.425,2.81,3.76
550,13,casual,0,0.425,2.14,3.45
551,13,casual,0,0.425,5.53,4.29
552,13,dormant,1,0.425,2.09,6.17
553,13,power,1,0.425,19.21,25.74
554,13,casual,0,0.425,5.04,3.45
555,13,dormant,0,0.425,5.36,1.02
556,13,casual,0,0.425,4.96,6.73
557,13,casual,1,0.425,8.15,9.09
558,13,power,1,0.425,12.25,15.65
559,13,dormant,0,0.425,4.72,0.27
560,14,power,0,0.425,13.65,16.48
561,14,power,0,0.425,10.94,9.92
562,14,casual,0,0.425,10.11,8.48
563,14,dormant,1,0.425,1.66,2.96
564,14,dormant,0,0.425,0.29,1.65
565,14,dormant,1,0.425,1.96,0.13
566,14,casual,0,0.425,7.59,6.32
567,14,casual,1,0.425,0.1,0.87
568,14,casual,0,0.425,6.55,7.62
569,14,dormant,0,0.425,0.0,0.0
570,14,casual,0,0.425,6.77,8.06
571,14,casual,1,0.425,2.86,6.37
572,14,dormant,0,0.425,0.54,0.73
573,14,casual,1,0.425,4.12,1.6
574,14,casual,0,0.425,7.94,4.42
575,14,dormant,0,0.425,1.8,5.61
576,14,casual,1,0.425,4.13,6.9
577,14,casual,0,0.425,7.09,6.23
578,14,power,0,0.425,12.55,13.08
579,14,dormant,0,0.425,2.02,1.93
580,14,power,1,0.425,20.47,19.69
581,14,casual,1,0.425,0.0,7.56
582,14,power,1,0.425,10.32,13.13
583,14,casual,0,0.425,5.98,10.13
584,14,casual,1,0.425,7.99,8.76
585,14,casual,0,0.425,8.48,6.42
586,14,dormant,1,0.425,0.0,0.0
587,14,power,0,0.425,11.31,12.44
588,14,casual,1,0.425,5.79,8.94
589,14,power,1,0.425,16.45,16.56
590,14,power,0,0.425,0.0,2.96
591,14,power,0,0.425,11.57,14.73
592,14,dormant,0,0.425,2.66,1.65
593,14,casual,1,0.425,3.65,6.75
594,14,casual,0,0.425,0.94,3.03
595,14,dormant,1,0.425,0.93,0.1
596,14,casual,0,0.425,5.77,1.35
597,14,power,1,0.425,15.21,20.14
598,14,casual,1,0.425,5.12,6.58
599,14,casual,0,0.425,1.56,3.56
600,15,casual,1,0.425,5.88,4.62
601,15,casual,0,0.425,3.26,4.79
602,15,casual,1,0.425,7.62,7.55
603,15,dormant,0,0.425,3.51,1.5
604,15,casual,1,0.425,2.11,6.31
605,15,casual,0,0.425,11.6,8.07
606,15,casual,0,0.425,4.93,5.69
607,15,casual,1,0.425,5.2,4.63
608,15,casual,0,0.425,10.79,7.9
609,15,dormant,1,0.425,0.0,1.21
610,15,power,1,0.425,12.43,15.88
611,15,casual,0,0.425,7.32,8.33
612,15,casual,1,0.425,5.58,10.62
613,15,casual,1,0.425,7.94,7.52
614,15,casual,0,0.425,8.05,8.55
615,15,casual,1,0.425,7.11,11.48
616,15,casual,0,0.425,8.2,4.93
617,15,dormant,0,0.425,3.37,4.49
618,15,dormant,1,0.425,1.03,0.0
619,15,dormant,0,0.425,1.17,0.0
620,15,dormant,0,0.425,1.51,0.0
621,15,casual,0,0.425,3.62,4.06
622,15,casual,0,0.425,6.06,3.61
623,15,casual,0,0.425,5.29,9.69
624,15,dormant,0,0.425,3.57,2.07
625,15,dormant,0,0.425,1.62,0.53
626,15,casual,1,0.425,4.81,5.16
627,15,casual,0,0.425,6.89,9.16
628,15,power,1,0.425,18.98,20.75
629,15,casual,1,0.425,7.82,8.57
630,15,power,0,0.425,12.81,13.82
631,15,power,0,0.425,7.36,9.53
632,15,casual,0,0.425,3.56,0.22
633,15,power,0,0.425,3.3,6.2
634,15,power,0,0.425,10.77,8.52
635,15,casual,1,0.425,2.96,4.5
636,15,casual,1,0.425,4.33,4.04
637,15,dormant,0,0.425,0.11,0.75
638,15,power,1,0.425,19.28,21.84
639,15,casual,1,0.425,7.13,10.44
640,16,dormant,0,0.45,0.0,2.41
641,16,power,1,0.45,14.49,19.7
642,16,casual,1,0.45,5.1,6.57
643,16,casual,1,0.45,1.88,3.03
644,16,casual,0,0.45,3.94,3.78
645,16,dormant,1,0.45,2.56,1.73
646,16,casual,1,0.45,5.7,6.98
647,16,dormant,1,0.45,0.0,0.68
648,16,casual,0,0.45,5.83,5.84
649,16,power,0,0.45,16.18,16.71
650,16,casual,1,0.45,7.37,11.81
651,16,power,1,0.45,11.29,19.75
652,16,casual,0,0.45,7.61,5.02
653,16,dormant,0,0.45,6.48,1.3
654,16,casual,1,0.45,3.04,6.98
655,16,dormant,0,0.45,0.69,0.33
656,16,dormant,0,0.45,0.1,2.17
657,16,casual,1,0.45,2.91,4.08
658,16,casual,1,0.45,1.91,4.81
659,16,dormant,1,0.45,0.0,0.61
660,16,dormant,1,0.45,1.98,1.07
661,16,power,0,0.45,12.79,16.7
662,16,dormant,0,0.45,3.51,3.55
663,16,casual,0,0.45,6.63,5.37
664,16,power,1,0.45,11.74,10.64
665,16,dormant,0,0.45,1.62,2.02
666,16,power,1,0.45,11.68,13.13
667,16,power,0,0.45,10.65,8.98
668,16,power,0,0.45,18.97,20.7
669,16,casual,0,0.45,8.85,7.5
670,16,power,1,0.45,14.26,16.67
671,16,casual,0,0.45,3.49,6.54
672,16,casual,0,0.45,0.12,2.13
673,16,power,0,0.45,17.62,17.53
674,16,power,1,0.45,13.59,16.75
675,16,casual,0,0.45,8.35,8.58
676,16,dormant,0,0.45,2.27,3.98
677,16,casual,0,0.45,4.41,2.2
678,16,dormant,1,0.45,2.01,4.44
679,16,casual,0,0.45,3.58,5.49
680,17,casual,1,0.475,5.78,3.22
681,17,casual,0,0.475,4.28,5.74
682,17,dormant,0,0.475,2.54,1.7
683,17,dormant,1,0.475,2.41,2.04
684,17,casual,0,0.475,5.89,6.5
685,17,casual,0,0.475,4.54,5.23
686,17,dormant,1,0.475,1.61,0.0
687,17,casual,0,0.475,4.16,2.04
688,17,casual,1,0.475,10.86,12.79
689,17,casual,0,0.475,5.0,5.48
690,17,casual,0,0.475,9.86,8.25
691,17,casual,0,0.475,2.7,4.97
692,17,casual,0,0.475,6.39,5.23
693,17,casual,0,0.475,11.97,10.07
694,17,dormant,1,0.475,3.02,1.06
695,17,dormant,0,0.475,0.99,0.0
696,17,casual,1,0.475,9.81,8.48
697,17,casual,0,0.475,5.84,4.21
698,17,casual,0,0.475,4.15,2.38
699,17,power,1,0.475,16.22,19.7
700,17,casual,1,0.475,2.92,3.72
701,17,power,1,0.475,7.45,10.2
702,17,casual,0,0.475,4.57,8.72
703,17,power,1,0.475,18.75,20.41
704,17,casual,1,0.475,9.7,7.96
705,17,power,1,0.475,9.12,10.76
706,17,casual,1,0.475,8.45,5.76
707,17,dormant,0,0.475,0.0,2.46
708,17,power,0,0.475,8.36,9.78
709,17,casual,1,0.475,1.41,6.92
710,17,casual,1,0.475,5.77,3.16
711,17,power,1,0.475,16.39,19.18
712,17,casual,1,0.475,4.01,9.17
713,17,casual,0,0.475,3.89,7.19
714,17,power,1,0.475,12.23,16.45
715,17,casual,0,0.475,5.68,5.9
716,17,dormant,0,0.475,1.69,3.11
717,17,casual,1,0.475,0.0,1.83
718,17,power,0,0.475,9.16,7.42
719,17,casual,0,0.475,8.94,7.86
720,18,casual,1,0.325,6.13,5.64
721,18,casual,0,0.325,7.21,6.25
722,18,casual,0,0.325,3.75,3.98
723,18,casual,0,0.325,10.34,9.32
724,18,casual,0,0.325,1.96,4.94
725,18,casual,0,0.325,8.58,9.56
726,18,casual,1,0.325,4.63,9.28
727,18,casual,1,0.325,4.81,6.17
728,18,dormant,1,0.325,0.0,0.12
729,18,dormant,0,0.325,0.99,3.56
730,18,casual,0,0.325,7.04,5.47
731,18,casual,0,0.325,9.68,6.67
732,18,casual,0,0.325,6.76,9.1
733,18,casual,0,0.325,12.48,9.35
734,18,casual,1,0.325,7.92,8.58
735,18,casual,0,0.325,4.15,2.76
736,18,dormant,0,0.325,1.08,4.03
737,18,dormant,0,0.325,1.7,0.52
738,18,power,0,0.325,7.58,7.52
739,18,casual,0,0.325,3.21,3.43
740,18,casual,0,0.325,7.78,9.32
741,18,power,1,0.325,12.18,15.72
742,18,dormant,1,0.325,0.0,0.0
743,18,casual,0,0.325,6.81,2.88
744,18,casual,1,0.325,4.07,5.21
745,18,casual,0,0.325,4.53,6.35
746,18,casual,0,0.325,9.7,11.39
747,18,casual,0,0.325,7.19,11.06
748,18,dormant,0,0.325,1.48,2.06
749,18,casual,0,0.325,5.01,6.08
750,18,casual,0,0.325,8.7,6.87
751,18,casual,1,0.325,2.03,3.91
752,18,power,0,0.325,6.12,9.89
753,18,casual,0,0.325,5.95,4.75
754,18,casual,0,0.325,1.97,4.83
755,18,dormant,1,0.325,1.91,2.37
756,18,dormant,1,0.325,1.92,0.0
757,18,casual,1,0.325,11.3,12.52
758,18,dormant,1,0.325,1.47,3.59
759,18,dormant,0,0.325,0.53,0.0
760,19,casual,0,0.5,6.0,6.21
761,19,power,1,0.5,13.02,15.36
762,19,casual,0,0.5,6.34,5.3
763,19,power,0,0.5,11.1,13.61
764,19,casual,1,0.5,3.54,10.09
765,19,casual,1,0.5,2.48,6.27
766,19,casual,0,0.5,8.52,9.53
767,19,casual,1,0.5,0.53,0.19
768,19,casual,1,0.5,7.73,9.12
769,19,casual,0,0.5,0.84,0.54
770,19,dormant,1,0.5,2.1,3.92
771,19,power,1,0.5,12.73,18.85
772,19,power,1,0.5,7.14,12.46
773,19,dormant,1,0.5,0.0,2.65
774,19,power,1,0.5,17.51,20.66
775,19,power,0,0.5,15.82,16.03
776,19,power,0,0.5,19.69,21.67
777,19,power,0,0.5,16.73,21.54
778,19,casual,0,0.5,7.49,5.87
779,19,dormant,1,0.5,3.34,3.05
780,19,dormant,1,0.5,2.04,0.71
781,19,power,1,0.5,20.23,22.42
782,19,dormant,0,0.5,3.17,3.27
783,19,casual,0,0.5,3.22,0.25
784,19,power,1,0.5,19.89,21.47
785,19,dormant,0,0.5,5.2,1.3
786,19,power,0,0.5,6.94,10.07
787,19,casual,1,0.5,8.81,9.82
788,19,casual,0,0.5,3.66,4.5
789,19,dormant,0,0.5,3.18,3.8
790,19,power,1,0.5,13.35,21.55
791,19,casual,0,0.5,8.91,8.11
792,19,casual,0,0.5,5.93,4.37
793,19,casual,0,0.5,3.51,4.59
794,19,casual,1,0.5,1.9,6.28
795,19,power,0,0.5,11.62,15.08
796,19,casual,1,0.5,6.55,5.16
797,19,dormant,1,0.5,0.0,1.03
798,19,casual,0,0.5,8.01,7.85
799,19,casual,1,0.5,14.09,15.11
800,20,dormant,0,0.4,0.15,1.03
801,20,dormant,0,0.4,1.77,0.0
802,20,casual,0,0.4,6.19,7.54
803,20,casual,0,0.4,3.24,9.06
804,20,casual,0,0.4,5.74,9.27
805,20,casual,1,0.4,7.14,6.49
806,20,casual,1,0.4,9.11,11.48
807,20,dormant,0,0.4,1.9,2.35
808,20,casual,1,0.4,3.05,4.19
809,20,power,0,0.4,21.32,22.93
810,20,casual,0,0.4,2.34,3.54
811,20,casual,0,0.4,2.29,3.73
812,20,casual,1,0.4,5.89,7.26
813,20,dormant,0,0.4,4.85,3.64
814,20,casual,0,0.4,7.63,6.92
815,20,dormant,0,0.4,0.0,0.82
816,20,casual,1,0.4,6.28,6.7
817,20,casual,0,0.4,7.0,5.28
818,20,dormant,0,0.4,0.34,0.0
819,20,power,0,0.4,13.72,15.95
820,20,power,1,0.4,14.41,17.32
821,20,power,0,0.4,16.56,15.63
822,20,dormant,0,0.4,0.0,0.0
823,20,casual,1,0.4,6.93,8.13
824,20,casual,1,0.4,1.42,0.98
825,20,casual,0,0.4,8.66,4.79
826,20,casual,1,0.4,6.62,2.78
827,20,dormant,1,0.4,2.65,4.17
828,20,dormant,0,0.4,0.86,0.17
829,20,casual,0,0.4,5.66,5.87
830,20,power,0,0.4,14.58,13.57
831,20,casual,1,0.4,6.37,6.73
832,20,casual,1,0.4,4.07,4.9
833,20,casual,1,0.4,7.0,10.27
834,20,casual,0,0.4,7.26,4.15
835,20,dormant,1,0.4,0.98,0.7
836,20,casual,1,0.4,4.27,3.97
837,20,casual,0,0.4,2.39,6.78
838,20,casual,1,0.4,1.08,3.67
839,20,dormant,0,0.4,2.72,1.15
840,21,casual,0,0.625,5.63,5.79
841,21,casual,0,0.625,5.52,5.13
842,21,dormant,0,0.625,4.01,2.15
843,21,casual,1,0.625,10.49,6.63
844,21,casual,1,0.625,7.4,9.54
845,21,dormant,1,0.625,0.0,1.91
846,21,casual,1,0.625,4.81,7.55
847,21,casual,1,0.625,8.46,6.85
848,21,casual,1,0.625,8.45,10.7
849,21,dormant,1,0.625,0.48,1.12
850,21,dormant,1,0.625,3.58,0.2
851,21,casual,1,0.625,4.75,9.99
852,21,dormant,1,0.625,2.88,0.3
853,21,casual,0,0.625,8.44,7.17
854,21,casual,1,0.625,9.97,9.86
855,21,dormant,1,0.625,1.69,3.49
856,21,dormant,0,0.625,1.57,2.26
857,21,casual,0,0.625,4.82,8.2
858,21,dormant,1,0.625,0.93,2.26
859,21,casual,0,0.625,3.67,7.15
860,21,dormant,0,0.625,0.75,0.0
861,21,casual,0,0.625,0.0,0.0
862,21,dormant,0,0.625,4.6,3.35
863,21,dormant,0,0.625,5.7,2.82
864,21,dormant,1,0.625,0.82,4.94
865,21,dormant,1,0.625,0.0,2.93
866,21,dormant,1,0.625,2.27,2.23
867,21,casual,1,0.625,8.1,9.05
868,21,casual,1,0.625,6.23,4.98
869,21,casual,1,0.625,3.24,4.95
870,21,dormant,0,0.625,1.96,0.23
871,21,casual,1,0.625,6.75,5.46
872,21,casual,0,0.625,0.0,2.42
873,21,casual,0,0.625,5.23,3.99
874,21,power,1,0.625,10.72,15.66
875,21,casual,1,0.625,3.02,1.51
876,21,casual,0,0.625,6.41,9.83
877,21,casual,1,0.625,3.69,6.19
878,21,dormant,1,0.625,0.04,2.71
879,21,casual,1,0.625,4.41,4.74
880,22,casual,1,0.525,6.68,6.69
881,22,casual,0,0.525,8.84,9.47
882,22,power,0,0.525,15.28,19.44
883,22,casual,1,0.525,2.54,3.5
884,22,casual,1,0.525,3.12,3.79
885,22,casual,1,0.525,3.23,6.07
886,22,dormant,0,0.525,0.55,2.35
887,22,casual,0,0.525,4.97,4.1
888,22,casual,0,0.525,6.27,6.75
889,22,casual,0,0.525,3.67,5.25
890,22,dormant,1,0.525,6.29,3.61
891,22,power,1,0.525,19.34,22.9
892,22,dormant,1,0.525,2.16,0.0
893,22,casual,1,0.525,3.12,6.41
894,22,dormant,1,0.525,0.0,0.45
895,22,dormant,1,0.525,0.0,3.36
896,22,casual,1,0.525,2.45,7.35
897,22,power,0,0.525,15.28,18.43
898,22,casual,0,0.525,4.78,6.04
899,22,power,1,0.525,15.86,16.58
900,22,dormant,1,0.525,2.23,0.0
901,22,casual,1,0.525,1.23,4.29
902,22,dormant,0,0.525,0.33,0.0
903,22,casual,0,0.525,8.35,7.16
904,22,casual,0,0.525,6.79,5.74
905,22,casual,1,0.525,7.55,6.39
906,22,casual,1,0.525,5.3,4.21
907,22,casual,0,0.525,11.79,11.68
908,22,casual,0,0.525,4.86,6.22
909,22,dormant,1,0.525,0.0,2.18
910,22,casual,0,0.525,3.71,4.31
911,22,casual,0,0.525,2.47,2.67
912,22,power,1,0.525,21.97,23.53
913,22,casual,1,0.525,5.65,4.4
914,22,casual,1,0.525,5.29,6.3
915,22,dormant,1,0.525,1.65,0.54
916,22,dormant,0,0.525,0.0,0.22
917,22,dormant,0,0.525,1.9,0.27
918,22,power,0,0.525,11.02,12.99
919,22,casual,0,0.525,2.62,6.77
920,23,casual,0,0.475,12.0,10.94
921,23,casual,1,0.475,7.22,7.51
922,23,dormant,1,0.475,0.0,0.0
923,23,dormant,1,0.475,4.0,3.44
924,23,casual,1,0.475,0.1,4.13
925,23,dormant,0,0.475,1.26,0.91
926,23,power,1,0.475,10.83,12.13
927,23,casual,1,0.475,5.72,5.42
928,23,dormant,1,0.475,2.78,0.0
929,23,casual,1,0.475,3.55,7.79
930,23,casual,1,0.475,8.39,6.25
931,23,casual,0,0.475,2.83,3.95
932,23,casual,0,0.475,1.79,3.69
933,23,casual,0,0.475,5.08,3.79
934,23,casual,0,0.475,8.19,7.39
935,23,casual,1,0.475,6.05,3.4
936,23,casual,0,0.475,10.49,7.57
937,23,casual,1,0.475,6.68,8.04
938,23,dormant,0,0.475,3.35,0.58
939,23,casual,0,0.475,9.29,8.98
940,23,dormant,0,0.475,1.79,4.19
941,23,casual,1,0.475,3.87,3.5
942,23,dormant,0,0.475,0.0,2.16
943,23,casual,1,0.475,8.38,8.86
944,23,power,0,0.475,7.14,9.16
945,23,casual,1,0.475,3.13,0.39
946,23,dormant,0,0.475,0.0,0.0
947,23,dormant,1,0.475,0.0,0.07
948,23,casual,0,0.475,5.53,5.69
949,23,dormant,0,0.475,2.32,3.47
950,23,power,0,0.475,15.75,19.39
951,23,dormant,1,0.475,2.06,5.35
952,23,casual,0,0.475,5.25,4.61
953,23,casual,1,0.475,3.07,6.3
954,23,casual,0,0.475,9.22,9.73
955,23,casual,1,0.475,7.15,11.95
956,23,dormant,0,0.475,0.0,2.21
957,23,dormant,0,0.475,2.16,3.05
958,23,power,1,0.475,17.78,22.54
959,23,power,0,0.475,15.54,16.58
960,24,casual,1,0.475,7.15,8.9
961,24,dormant,1,0.475,0.0,1.0
962,24,casual,1,0.475,2.01,2.29
963,24,casual,1,0.475,4.95,5.65
964,24,casual,1,0.475,5.34,8.28
965,24,dormant,0,0.475,4.14,1.74
966,24,dormant,0,0.475,2.65,2.3
967,24,casual,0,0.475,6.89,9.81
968,24,power,0,0.475,14.68,12.55
969,24,power,1,0.475,18.05,22.05
970,24,power,0,0.475,5.79,6.53
971,24,power,0,0.475,12.69,16.36
972,24,power,0,0.475,10.73,12.92
973,24,casual,0,0.475,2.76,4.69
974,24,casual,1,0.475,5.62,6.56
975,24,power,1,0.475,11.46,15.43
976,24,casual,0,0.475,9.59,6.52
977,24,dormant,0,0.475,1.86,0.16
978,24,dormant,1,0.475,0.72,0.0
979,24,dormant,0,0.475,0.94,0.0
980,24,dormant,0,0.475,2.04,0.98
981,24,casual,1,0.475,3.81,6.5
982,24,dormant,1,0.475,2.68,0.0
983,24,casual,1,0.475,3.18,4.38
984,24,casual,1,0.475,11.98,12.03
985,24,dormant,0,0.475,2.47,2.43
986,24,dormant,0,0.475,0.14,3.24
987,24,casual,1,0.475,6.0,7.03
988,24,casual,1,0.475,8.98,4.92
989,24,dormant,0,0.475,0.93,0.0
990,24,casual,0,0.475,6.02,4.3
991,24,casual,0,0.475,6.6,0.58
992,24,casual,1,0.475,5.74,8.84
993,24,dormant,0,0.475,0.54,0.0
994,24,dormant,1,0.475,1.62,0.0
995,24,casual,0,0.475,7.23,8.59
996,24,dormant,0,0.475,3.22,1.08
997,24,casual,1,0.475,3.52,2.48
998,24,power,0,0.475,16.33,15.51
999,24,power,1,0.475,8.02,12.98
1000,25,casual,0,0.65,2.89,4.03
1001,25,power,1,0.65,2.11,6.02
1002,25,casual,1,0.65,4.15,9.87
1003,25,dormant,0,0.65,2.8,2.13
1004,25,power,0,0.65,13.29,13.83
1005,25,casual,1,0.65,5.78,4.77
1006,25,casual,1,0.65,2.04,3.34
1007,25,casual,0,0.65,9.57,7.94
1008,25,casual,1,0.65,5.3,8.14
1009,25,casual,0,0.65,5.24,5.68
1010,25,dormant,1,0.65,0.22,1.19
1011,25,power,1,0.65,14.54,16.5
1012,25,casual,1,0.65,6.1,9.53
1013,25,power,0,0.65,6.76,7.3
1014,25,casual,0,0.65,4.88,6.23
1015,25,dormant,1,0.65,1.34,0.65
1016,25,dormant,1,0.65,5.47,0.0
1017,25,dormant,1,0.65,0.11,0.0
1018,25,power,1,0.65,14.98,21.34
1019,25,casual,1,0.65,4.17,5.59
1020,25,dormant,1,0.65,2.98,0.0
1021,25,casual,1,0.65,2.98,7.79
1022,25,dormant,1,0.65,0.18,1.32
1023,25,dormant,1,0.65,3.44,1.39
1024,25,casual,1,0.65,8.64,6.53
1025,25,dormant,1,0.65,2.89,0.0
1026,25,casual,1,0.65,2.48,7.54
1027,25,dormant,0,0.65,3.43,1.85
1028,25,casual,1,0.65,6.94,9.91
1029,25,dormant,1,0.65,4.0,2.49
1030,25,casual,1,0.65,0.57,0.62
1031,25,casual,0,0.65,5.52,2.75
1032,25,casual,0,0.65,0.14,2.13
1033,25,casual,1,0.65,4.52,8.46
1034,25,casual,0,0.65,4.19,7.12
1035,25,casual,1,0.65,2.93,5.26
1036,25,casual,0,0.65,8.08,10.07
1037,25,casual,0,0.65,4.22,4.88
1038,25,casual,0,0.65,7.41,10.42
1039,25,casual,1,0.65,4.65,7.08
1040,26,dormant,1,0.5,1.55,2.96
1041,26,power,1,0.5,25.12,26.16
1042,26,casual,0,0.5,7.34,8.97
1043,26,casual,1,0.5,9.33,8.94
1044,26,casual,1,0.5,8.92,9.24
1045,26,dormant,0,0.5,2.54,3.17
1046,26,casual,0,0.5,5.59,5.07
1047,26,casual,0,0.5,4.15,8.76
1048,26,casual,0,0.5,9.4,9.93
1049,26,dormant,0,0.5,0.0,1.39
1050,26,casual,1,0.5,1.87,5.66
1051,26,casual,0,0.5,4.14,2.37
1052,26,casual,1,0.5,5.81,10.26
1053,26,power,1,0.5,17.42,21.5
1054,26,casual,1,0.5,6.04,8.09
1055,26,dormant,1,0.5,0.96,0.92
1056,26,casual,0,0.5,5.14,9.42
1057,26,casual,1,0.5,2.62,8.08
1058,26,casual,1,0.5,8.45,6.99
1059,26,casual,0,0.5,6.58,3.96
1060,26,dormant,1,0.5,1.37,0.0
1061,26,power,0,0.5,22.68,24.23
1062,26,casual,0,0.5,3.65,5.47
1063,26,casual,1,0.5,0.16,6.28
1064,26,casual,0,0.5,6.09,6.46
1065,26,casual,1,0.5,11.51,13.48
1066,26,dormant,1,0.5,1.98,3.9
1067,26,dormant,0,0.5,2.25,2.63
1068,26,casual,1,0.5,2.47,4.22
1069,26,casual,0,0.5,7.54,4.94
1070,26,dormant,1,0.5,0.67,2.05
1071,26,dormant,0,0.5,2.04,2.02
1072,26,dormant,0,0.5,1.98,4.93
1073,26,power,1,0.5,25.34,28.64
1074,26,casual,0,0.5,6.19,4.29
1075,26,power,0,0.5,14.2,16.69
1076,26,power,1,0.5,5.5,11.17
1077,26,casual,1,0.5,5.59,5.55
1078,26,dormant,0,0.5,6.57,3.53
1079,26,casual,0,0.5,4.39,6.7
1080,27,casual,0,0.5,7.1,5.57
1081,27,dormant,0,0.5,3.13,0.0
1082,27,casual,1,0.5,3.81,4.39
1083,27,dormant,0,0.5,1.87,0.84
1084,27,power,1,0.5,10.59,10.31
1085,27,dormant,1,0.5,2.92,1.46
1086,27,casual,0,0.5,5.58,4.74
1087,27,dormant,1,0.5,5.04,1.81
1088,27,dormant,1,0.5,1.18,0.0
1089,27,casual,1,0.5,6.74,8.62
1090,27,casual,1,0.5,4.39,6.41
1091,27,casual,1,0.5,6.25,8.46
1092,27,casual,0,0.5,6.61,4.66
1093,27,casual,1,0.5,4.13,4.56
1094,27,casual,1,0.5,3.01,5.13
1095,27,casual,0,0.5,8.31,7.19
1096,27,dormant,0,0.5,1.71,1.08
1097,27,power,0,0.5,16.33,16.24
1098,27,casual,1,0.5,4.55,4.07
1099,27,casual,1,0.5,0.0,6.45
1100,27,dormant,0,0.5,1.16,0.0
1101,27,casual,0,0.5,2.24,5.27
1102,27,dormant,1,0.5,2.11,2.11
1103,27,casual,0,0.5,11.61,8.86
1104,27,dormant,1,0.5,0.35,0.78
1105,27,casual,0,0.5,8.59,6.89
1106,27,power,1,0.5,7.83,12.7
1107,27,power,0,0.5,15.37,14.53
1108,27,dormant,1,0.5,0.0,0.11
1109,27,dormant,1,0.5,3.46,2.68
1110,27,power,0,0.5,16.18,17.13
1111,27,casual,0,0.5,3.9,4.64
1112,27,casual,0,0.5,6.09,8.68
1113,27,power,0,0.5,17.13,18.38
1114,27,casual,0,0.5,8.87,8.56
1115,27,dormant,1,0.5,2.95,0.0
1116,27,casual,1,0.5,1.52,0.84
1117,27,dormant,0,0.5,3.49,1.55
1118,27,dormant,0,0.5,1.7,2.4
1119,27,dormant,1,0.5,4.94,3.7
1120,28,casual,0,0.475,7.62,5.27
1121,28,casual,0,0.475,4.97,3.23
1122,28,casual,0,0.475,2.37,4.71
1123,28,power,0,0.475,12.78,13.79
1124,28,power,0,0.475,10.24,8.46
1125,28,dormant,0,0.475,3.87,2.88
1126,28,casual,1,0.475,6.53,7.64
1127,28,casual,1,0.475,7.43,10.54
1128,28,dormant,0,0.475,1.02,3.5
1129,28,dormant,1,0.475,3.33,0.55
1130,28,power,1,0.475,18.95,19.11
1131,28,casual,0,0.475,9.14,8.75
1132,28,casual,1,0.475,4.86,5.56
1133,28,power,1,0.475,10.54,10.12
1134,28,dormant,1,0.475,3.1,2.98
1135,28,dormant,1,0.475,0.69,1.45
1136,28,casual,1,0.475,5.57,8.41
1137,28,power,1,0.475,17.25,22.88
1138,28,casual,0,0.475,4.65,4.16
1139,28,dormant,0,0.475,2.16,0.0
1140,28,dormant,1,0.475,0.04,0.17
1141,28,casual,1,0.475,0.0,3.78
1142,28,casual,0,0.475,8.79,7.47
1143,28,dormant,0,0.475,2.8,2.32
1144,28,casual,0,0.475,5.17,5.07
1145,28,casual,0,0.475,6.59,4.99
1146,28,casual,1,0.475,0.0,5.23
1147,28,casual,1,0.475,9.92,10.63
1148,28,casual,1,0.475,6.99,7.54
1149,28,casual,0,0.475,0.63,1.55
1150,28,casual,1,0.475,0.0,2.96
1151,28,dormant,1,0.475,4.21,0.0
1152,28,casual,0,0.475,8.89,9.45
1153,28,casual,0,0.475,3.9,4.81
1154,28,dormant,1,0.475,0.0,0.0
1155,28,casual,1,0.475,3.05,4.86
1156,28,dormant,0,0.475,2.84,2.06
1157,28,casual,0,0.475,5.18,4.89
1158,28,casual,0,0.475,8.38,8.93
1159,28,casual,0,0.475,4.95,8.24
1160,29,dormant,0,0.575,1.26,4.52
1161,29,casual,0,0.575,8.29,6.09
1162,29,dormant,0,0.575,0.0,0.0
1163,29,power,1,0.575,16.36,18.52
1164,29,dormant,0,0.575,3.5,0.0
1165,29,casual,0,0.575,2.83,5.3
1166,29,casual,1,0.575,7.02,5.77
1167,29,casual,1,0.575,7.09,5.06
1168,29,casual,0,0.575,5.85,7.32
1169,29,casual,1,0.575,1.86,1.87
1170,29,dormant,0,0.575,5.24,6.04
1171,29,dormant,1,0.575,4.04,2.43
1172,29,dormant,1,0.575,1.2,0.0
1173,29,casual,1,0.575,4.98,3.53
1174,29,casual,1,0.575,3.51,6.9
1175,29,dormant,1,0.575,1.15,1.37
1176,29,casual,0,0.575,3.0,3.54
1177,29,casual,1,0.575,7.33,6.1
1178,29,casual,1,0.575,5.27,3.96
1179,29,power,1,0.575,9.91,17.0
1180,29,dormant,0,0.575,0.69,1.98
1181,29,casual,1,0.575,1.85,1.94
1182,29,power,1,0.575,14.9,18.6
1183,29,casual,0,0.575,9.27,8.36
1184,29,casual,0,0.575,8.33,3.69
1185,29,casual,1,0.575,1.04,3.68
1186,29,casual,0,0.575,4.04,6.28
1187,29,casual,1,0.575,4.32,5.16
1188,29,dormant,1,0.575,3.56,2.12
1189,29,dormant,1,0.575,0.39,0.53
1190,29,casual,0,0.575,6.97,5.94
1191,29,dormant,1,0.575,1.72,0.0
1192,29,dormant,1,0.575,0.25,1.26
1193,29,power,0,0.575,15.97,19.13
1194,29,casual,1,0.575,6.19,6.94
1195,29,dormant,1,0.575,0.53,1.5
1196,29,casual,0,0.575,0.36,0.86
1197,29,dormant,0,0.575,2.75,1.9
1198,29,casual,1,0.575,6.4,7.75
1199,29,casual,0,0.575,3.49,2.68
1200,30,power,0,0.6,10.9,10.64
1201,30,casual,1,0.6,7.71,7.33
1202,30,dormant,0,0.6,1.66,3.24
1203,30,casual,1,0.6,3.57,3.19
1204,30,casual,1,0.6,8.39,6.78
1205,30,casual,0,0.6,1.74,2.88
1206,30,dormant,1,0.6,2.15,0.0
1207,30,dormant,0,0.6,1.14,5.42
1208,30,dormant,1,0.6,2.4,3.23
1209,30,dormant,1,0.6,2.7,0.83
1210,30,power,0,0.6,10.71,15.48
1211,30,dormant,0,0.6,0.0,0.0
1212,30,casual,1,0.6,2.98,6.98
1213,30,dormant,1,0.6,0.38,1.62
1214,30,casual,1,0.6,7.62,7.59
1215,30,casual,0,0.6,5.94,6.84
1216,30,dormant,1,0.6,0.23,0.0
1217,30,dormant,1,0.6,2.68,2.78
1218,30,dormant,1,0.6,2.93,2.62
1219,30,dormant,0,0.6,2.0,3.88
1220,30,casual,1,0.6,3.4,4.12
1221,30,dormant,0,0.6,3.1,1.14
1222,30,dormant,1,0.6,1.54,2.06
1223,30,casual,1,0.6,4.7,8.13
1224,30,power,0,0.6,20.91,19.97
1225,30,dormant,0,0.6,0.96,0.07
1226,30,casual,0,0.6,6.59,9.12
1227,30,casual,1,0.6,4.09,4.21
1228,30,casual,1,0.6,9.54,9.29
1229,30,power,1,0.6,14.55,14.97
1230,30,casual,0,0.6,4.24,6.15
1231,30,casual,1,0.6,9.97,13.55
1232,30,casual,1,0.6,7.68,5.61
1233,30,dormant,1,0.6,2.32,1.59
1234,30,dormant,1,0.6,2.33,0.0
1235,30,dormant,0,0.6,4.82,1.75
1236,30,casual,0,0.6,10.09,6.92
1237,30,casual,1,0.6,4.28,5.12
1238,30,dormant,1,0.6,2.82,2.63
1239,30,casual,0,0.6,5.47,8.48
1240,31,casual,1,0.55,0.59,4.08
1241,31,casual,0,0.55,2.53,3.61
1242,31,power,1,0.55,12.99,17.57
1243,31,casual,0,0.55,3.65,4.58
1244,31,power,0,0.55,17.5,18.94
1245,31,casual,1,0.55,7.93,6.86
1246,31,power,0,0.55,13.97,18.63
1247,31,dormant,1,0.55,0.0,0.3
1248,31,casual,1,0.55,7.03,8.38
1249,31,casual,0,0.55,2.59,2.95
1250,31,dormant,1,0.55,2.16,2.69
1251,31,dormant,1,0.55,4.63,1.53
1252,31,casual,0,0.55,5.97,4.58
1253,31,casual,1,0.55,7.65,8.18
1254,31,casual,0,0.55,6.35,8.12
1255,31,casual,0,0.55,4.63,2.12
1256,31,casual,1,0.55,1.02,6.48
1257,31,power,1,0.55,14.41,15.61
1258,31,casual,0,0.55,7.08,7.17
1259,31,casual,1,0.55,4.79,3.39
1260,31,casual,0,0.55,6.03,5.97
1261,31,dormant,1,0.55,0.9,0.53
1262,31,casual,0,0.55,5.87,3.39
1263,31,casual,1,0.55,7.96,10.49
1264,31,dormant,1,0.55,1.36,0.0
1265,31,casual,0,0.55,6.58,6.04
1266,31,casual,1,0.55,4.85,7.58
1267,31,casual,1,0.55,8.9,7.92
1268,31,power,1,0.55,16.47,18.95
1269,31,power,1,0.55,15.8,18.32
1270,31,casual,1,0.55,7.57,9.84
1271,31,casual,0,0.55,6.94,8.41
1272,31,casual,0,0.55,4.43,6.04
1273,31,dormant,0,0.55,1.31,0.0
1274,31,casual,0,0.55,4.19,8.0
1275,31,dormant,0,0.55,0.99,0.72
1276,31,casual,0,0.55,6.41,6.01
1277,31,dormant,1,0.55,0.73,0.1
1278,31,dormant,1,0.55,0.0,4.16
1279,31,casual,1,0.55,4.83,7.45
1280,32,power,1,0.325,11.56,17.94
1281,32,casual,1,0.325,4.96,3.26
1282,32,casual,1,0.325,7.87,8.67
1283,32,casual,0,0.325,5.17,3.89
1284,32,dormant,1,0.325,0.0,0.0
1285,32,casual,1,0.325,7.33,7.14
1286,32,casual,0,0.325,4.57,7.99
1287,32,casual,0,0.325,8.02,3.19
1288,32,casual,0,0.325,5.6,4.9
1289,32,dormant,0,0.325,3.46,3.59
1290,32,power,0,0.325,16.44,15.03
1291,32,power,1,0.325,7.29,11.58
1292,32,casual,0,0.325,8.28,6.65
1293,32,casual,0,0.325,6.51,6.83
1294,32,dormant,0,0.325,1.64,0.49
1295,32,dormant,0,0.325,0.0,0.0
1296,32,casual,0,0.325,6.5,5.54
1297,32,dormant,0,0.325,4.36,2.99
1298,32,casual,0,0.325,4.94,8.49
1299,32,casual,0,0.325,4.73,4.19
1300,32,casual,0,0.325,5.65,3.55
1301,32,casual,0,0.325,0.58,0.0
1302,32,casual,0,0.325,3.76,5.95
1303,32,casual,1,0.325,1.97,5.59
1304,32,casual,1,0.325,10.09,10.51
1305,32,casual,1,0.325,3.31,1.73
1306,32,casual,0,0.325,10.98,10.45
1307,32,casual,1,0.325,4.29,7.85
1308,32,casual,1,0.325,9.69,9.51
1309,32,casual,0,0.325,7.76,6.99
1310,32,casual,0,0.325,7.13,9.09
1311,32,casual,0,0.325,6.06,6.47
1312,32,casual,0,0.325,1.81,1.01
1313,32,dormant,0,0.325,1.56,2.02
1314,32,casual,0,0.325,3.43,5.65
1315,32,dormant,0,0.325,2.2,3.13
1316,32,casual,1,0.325,5.71,5.1
1317,32,dormant,0,0.325,2.17,1.5
1318,32,dormant,1,0.325,1.61,3.3
1319,32,dormant,0,0.325,0.88,0.0
1320,33,dormant,1,0.55,1.76,1.19
1321,33,dormant,0,0.55,2.87,0.0
1322,33,power,1,0.55,16.7,18.76
1323,33,casual,0,0.55,9.91,13.4
1324,33,casual,0,0.55,0.0,4.49
1325,33,dormant,1,0.55,0.0,1.38
1326,33,power,1,0.55,21.34,24.5
1327,33,casual,0,0.55,7.63,9.36
1328,33,power,0,0.55,19.73,19.82
1329,33,dormant,0,0.55,2.35,3.92
1330,33,power,1,0.55,15.46,20.99
1331,33,dormant,0,0.55,0.0,0.11
1332,33,casual,1,0.55,5.68,7.38
1333,33,casual,0,0.55,7.58,4.63
1334,33,dormant,1,0.55,2.58,3.54
1335,33,casual,1,0.55,12.24,9.27
1336,33,dormant,0,0.55,1.1,0.72
1337,33,dormant,1,0.55,2.26,1.15
1338,33,casual,0,0.55,6.25,7.26
1339,33,dormant,0,0.55,1.37,2.84
1340,33,power,1,0.55,13.1,16.15
1341,33,casual,1,0.55,3.23,7.03
1342,33,power,0,0.55,13.49,16.89
1343,33,casual,0,0.55,0.0,0.0
1344,33,casual,1,0.55,5.89,4.75
1345,33,casual,1,0.55,5.11,5.88
1346,33,casual,1,0.55,4.01,3.94
1347,33,casual,0,0.55,8.15,7.56
1348,33,casual,1,0.55,6.7,8.8
1349,33,casual,0,0.55,4.28,5.11
1350,33,casual,1,0.55,2.88,5.46
1351,33,casual,1,0.55,3.48,6.66
1352,33,casual,1,0.55,6.85,3.11
1353,33,dormant,1,0.55,0.67,1.65
1354,33,casual,0,0.55,5.16,5.89
1355,33,casual,0,0.55,7.34,4.55
1356,33,dormant,1,0.55,3.98,3.01
1357,33,casual,1,0.55,5.25,8.77
1358,33,dormant,1,0.55,1.89,2.8
1359,33,dormant,0,0.55,0.0,2.26
1360,34,dormant,1,0.325,3.0,0.6
1361,34,dormant,1,0.325,2.34,0.21
1362,34,casual,0,0.325,4.59,4.65
1363,34,casual,1,0.325,5.81,6.55
1364,34,casual,1,0.325,4.38,7.17
1365,34,casual,0,0.325,3.21,3.79
1366,34,casual,0,0.325,7.44,7.26
1367,34,dormant,0,0.325,0.0,0.06
1368,34,dormant,0,0.325,1.75,1.28
1369,34,casual,0,0.325,5.6,7.28
1370,34,casual,0,0.325,3.83,3.88
1371,34,casual,0,0.325,3.42,3.35
1372,34,dormant,0,0.325,3.17,3.49
1373,34,casual,1,0.325,6.52,7.3
1374,34,dormant,1,0.325,0.0,3.84
1375,34,casual,0,0.325,3.57,1.88
1376,34,casual,0,0.325,5.66,3.98
1377,34,power,0,0.325,17.37,15.06
1378,34,dormant,1,0.325,2.63,3.18
1379,34,dormant,0,0.325,0.87,0.0
1380,34,dormant,0,0.325,1.87,1.59
1381,34,casual,0,0.325,3.16,2.24
1382,34,dormant,0,0.325,1.45,0.23
1383,34,casual,1,0.325,6.41,7.97
1384,34,casual,1,0.325,7.78,10.59
1385,34,casual,0,0.325,8.73,7.43
1386,34,dormant,0,0.325,0.0,0.0
1387,34,dormant,0,0.325,4.97,1.29
1388,34,casual,0,0.325,3.57,7.74
1389,34,power,0,0.325,18.22,17.64
1390,34,dormant,0,0.325,4.19,0.8
1391,34,power,1,0.325,10.3,14.33
1392,34,casual,1,0.325,1.35,4.19
1393,34,casual,0,0.325,5.74,7.87
1394,34,casual,0,0.325,0.87,0.84
1395,34,dormant,1,0.325,4.37,0.0
1396,34,dormant,0,0.325,1.79,2.74
1397,34,casual,0,0.325,0.67,2.3
1398,34,casual,0,0.325,5.95,6.99
1399,34,dormant,1,0.325,2.58,1.02
1400,35,power,0,0.45,15.54,18.98
1401,35,dormant,1,0.45,0.03,4.36
1402,35,casual,0,0.45,6.01,5.43
1403,35,power,0,0.45,14.21,15.14
1404,35,dormant,1,0.45,5.88,2.25
1405,35,casual,1,0.45,6.72,7.84
1406,35,casual,1,0.45,4.27,3.72
1407,35,casual,1,0.45,6.89,5.96
1408,35,dormant,0,0.45,2.9,1.82
1409,35,power,0,0.45,15.86,17.5
1410,35,dormant,0,0.45,0.8,0.4
1411,35,casual,0,0.45,4.4,7.32
1412,35,casual,1,0.45,5.27,6.68
1413,35,casual,0,0.45,4.66,5.67
1414,35,casual,1,0.45,9.11,10.73
1415,35,dormant,0,0.45,0.98,1.86
1416,35,dormant,1,0.45,2.22,0.01
1417,35,dormant,1,0.45,0.49,0.0
1418,35,power,0,0.45,13.75,15.9
1419,35,dormant,0,0.45,2.1,3.13
1420,35,casual,0,0.45,3.43,5.64
1421,35,dormant,1,0.45,3.56,0.98
1422,35,casual,0,0.45,0.79,3.19
1423,35,casual,0,0.45,5.38,7.0
1424,35,casual,0,0.45,0.0,3.37
1425,35,power,1,0.45,20.69,26.55
1426,35,casual,1,0.45,4.92,4.31
1427,35,dormant,0,0.45,0.74,3.09
1428,35,dormant,1,0.45,0.79,1.57
1429,35,power,1,0.45,10.76,14.33
1430,35,dormant,0,0.45,2.68,2.5
1431,35,casual,1,0.45,5.39,7.91
1432,35,casual,0,0.45,3.61,5.81
1433,35,casual,0,0.45,2.15,2.03
1434,35,casual,1,0.45,4.41,5.11
1435,35,dormant,0,0.45,3.28,1.53
1436,35,casual,0,0.45,5.9,7.51
1437,35,dormant,0,0.45,3.68,3.74
1438,35,casual,1,0.45,4.8,7.29
1439,35,power,1,0.45,12.68,13.38
1440,36,casual,0,0.6,5.1,6.14
1441,36,casual,1,0.6,8.73,8.49
1442,36,dormant,0,0.6,0.0,0.0
1443,36,casual,1,0.6,7.2,9.31
1444,36,dormant,0,0.6,1.44,0.0
1445,36,casual,1,0.6,4.36,4.75
1446,36,casual,1,0.6,7.79,12.51
1447,36,casual,1,0.6,1.38,2.13
1448,36,casual,1,0.6,3.93,5.49
1449,36,power,1,0.6,13.9,15.23
1450,36,casual,1,0.6,4.93,6.44
1451,36,casual,1,0.6,6.39,9.77
1452,36,dormant,1,0.6,3.36,1.76
1453,36,power,1,0.6,15.89,20.81
1454,36,casual,0,0.6,5.71,7.13
1455,36,power,0,0.6,12.15,9.19
1456,36,casual,1,0.6,4.04,4.13
1457,36,casual,0,0.6,4.88,5.41
1458,36,casual,1,0.6,5.06,7.35
1459,36,dormant,0,0.6,2.4,0.71
1460,36,casual,1,0.6,2.48,3.45
1461,36,casual,1,0.6,7.88,9.1
1462,36,casual,1,0.6,4.24,8.8
1463,36,casual,1,0.6,9.17,9.86
1464,36,power,0,0.6,15.83,15.3
1465,36,casual,1,0.6,5.64,4.51
1466,36,dormant,1,0.6,0.37,0.0
1467,36,dormant,0,0.6,0.0,0.39
1468,36,casual,0,0.6,2.75,4.92
1469,36,casual,0,0.6,8.62,7.44
1470,36,casual,0,0.6,0.57,0.4
1471,36,casual,1,0.6,6.5,3.91
1472,36,dormant,0,0.6,1.74,0.0
1473,36,casual,1,0.6,2.38,5.5
1474,36,dormant,1,0.6,0.0,0.0
1475,36,casual,1,0.6,4.61,5.57
1476,36,casual,0,0.6,5.04,6.9
1477,36,casual,0,0.6,7.4,5.46
1478,36,power,1,0.6,8.75,10.29
1479,36,power,0,0.6,7.18,6.69
1480,37,casual,1,0.55,5.04,3.94
1481,37,dormant,1,0.55,2.81,3.85
1482,37,casual,0,0.55,7.23,7.73
1483,37,power,1,0.55,13.56,16.56
1484,37,power,0,0.55,16.96,11.7
1485,37,casual,1,0.55,5.99,6.12
1486,37,power,1,0.55,12.56,15.66
1487,37,casual,0,0.55,4.65,1.75
1488,37,casual,0,0.55,4.61,1.07
1489,37,power,1,0.55,17.26,18.28
1490,37,dormant,1,0.55,0.25,1.41
1491,37,casual,0,0.55,4.84,2.32
1492,37,dormant,0,0.55,1.61,3.31
1493,37,casual,1,0.55,6.71,6.59
1494,37,dormant,1,0.55,4.08,4.05
1495,37,casual,1,0.55,6.88,6.87
1496,37,casual,0,0.55,4.67,5.0
1497,37,casual,1,0.55,3.26,3.9
1498,37,casual,0,0.55,8.6,7.9
1499,37,casual,1,0.55,1.9,3.54
1500,37,casual,1,0.55,7.56,10.29
1501,37,casual,1,0.55,8.5,10.24
1502,37,casual,0,0.55,5.76,4.22
1503,37,casual,1,0.55,7.14,9.23
1504,37,casual,0,0.55,9.65,9.61
1505,37,casual,1,0.55,5.78,7.13
1506,37,casual,0,0.55,8.06,7.37
1507,37,dormant,1,0.55,1.13,2.58
1508,37,casual,1,0.55,0.0,5.66
1509,37,casual,0,0.55,7.34,2.72
1510,37,casual,1,0.55,7.4,8.42
1511,37,casual,0,0.55,0.0,4.55
1512,37,casual,1,0.55,10.13,11.13
1513,37,dormant,0,0.55,3.53,3.21
1514,37,casual,1,0.55,8.67,11.01
1515,37,casual,0,0.55,12.04,10.91
1516,37,dormant,0,0.55,1.82,1.98
1517,37,casual,0,0.55,6.66,4.51
1518,37,casual,1,0.55,3.83,5.83
1519,37,casual,0,0.55,7.17,5.83
1520,38,casual,1,0.5,6.21,7.66
1521,38,casual,0,0.5,4.85,4.44
1522,38,power,0,0.5,23.23,23.08
1523,38,casual,1,0.5,4.27,7.37
1524,38,casual,0,0.5,3.77,4.28
1525,38,casual,1,0.5,8.39,6.42
1526,38,casual,0,0.5,3.0,5.2
1527,38,casual,1,0.5,5.09,6.07
1528,38,casual,0,0.5,0.0,0.0
1529,38,dormant,0,0.5,1.12,0.39
1530,38,dormant,1,0.5,0.0,0.0
1531,38,casual,1,0.5,0.0,0.0
1532,38,power,1,0.5,22.17,24.07
1533,38,power,0,0.5,8.16,8.95
1534,38,dormant,0,0.5,1.44,2.04
1535,38,casual,1,0.5,4.35,4.0
1536,38,casual,1,0.5,7.63,5.35
1537,38,dormant,0,0.5,0.0,1.95
1538,38,power,0,0.5,14.48,17.37
1539,38,casual,1,0.5,8.12,6.88
1540,38,casual,0,0.5,8.66,9.63
1541,38,power,0,0.5,20.65,20.81
1542,38,dormant,0,0.5,2.97,5.22
1543,38,casual,1,0.5,0.0,2.44
1544,38,casual,0,0.5,4.22,5.96
1545,38,dormant,1,0.5,4.76,0.0
1546,38,casual,1,0.5,2.02,7.17
1547,38,casual,1,0.5,3.79,3.47
1548,38,dormant,0,0.5,0.86,1.22
1549,38,power,1,0.5,22.49,30.79
1550,38,casual,1,0.5,6.02,8.99
1551,38,power,0,0.5,12.77,15.06
1552,38,casual,0,0.5,6.09,5.23
1553,38,casual,0,0.5,6.87,1.84
1554,38,casual,0,0.5,7.75,6.68
1555,38,dormant,0,0.5,0.0,0.55
1556,38,casual,1,0.5,10.34,12.07
1557,38,casual,1,0.5,4.09,7.83
1558,38,power,1,0.5,18.32,20.75
1559,38,casual,1,0.5,0.0,4.42
1560,39,dormant,1,0.575,0.0,0.0
1561,39,power,0,0.575,16.19,16.87
1562,39,power,0,0.575,16.81,18.62
1563,39,power,0,0.575,15.49,15.68
1564,39,casual,1,0.575,6.63,5.93
1565,39,dormant,0,0.575,4.3,5.26
1566,39,dormant,1,0.575,0.0,0.41
1567,39,dormant,1,0.575,0.52,1.0
1568,39,power,0,0.575,17.31,17.44
1569,39,casual,1,0.575,6.95,6.38
1570,39,casual,0,0.575,3.15,3.91
1571,39,casual,0,0.575,4.58,6.62
1572,39,power,1,0.575,10.15,15.38
1573,39,casual,1,0.575,5.19,3.41
1574,39,dormant,1,0.575,0.0,1.09
1575,39,power,1,0.575,21.2,22.34
1576,39,dormant,1,0.575,0.0,0.94
1577,39,casual,0,0.575,7.69,5.33
1578,39,power,1,0.575,16.13,19.8
1579,39,casual,1,0.575,8.67,3.58
1580,39,power,1,0.575,11.81,16.97
1581,39,power,1,0.575,16.42,17.99
1582,39,dormant,0,0.575,1.76,0.86
1583,39,casual,1,0.575,6.82,5.85
1584,39,casual,1,0.575,6.43,7.51
1585,39,casual,0,0.575,1.42,2.92
1586,39,casual,0,0.575,9.96,6.77
1587,39,power,0,0.575,13.16,14.73
1588,39,dormant,0,0.575,2.55,0.99
1589,39,casual,0,0.575,10.32,11.77
1590,39,power,0,0.575,14.24,15.68
1591,39,casual,1,0.575,8.57,9.01
1592,39,dormant,0,0.575,1.59,1.36
1593,39,casual,1,0.575,8.57,6.73
1594,39,power,1,0.575,3.42,8.05
1595,39,casual,1,0.575,7.68,4.04
1596,39,casual,1,0.575,4.04,4.19
1597,39,casual,0,0.575,4.02,5.36
1598,39,casual,1,0.575,7.03,9.7
1599,39,power,1,0.575,11.38,15.68
1600,40,dormant,1,0.425,0.0,0.0
1601,40,dormant,0,0.425,1.49,0.0
1602,40,casual,1,0.425,2.97,6.38
1603,40,power,0,0.425,12.62,16.09
1604,40,casual,0,0.425,2.36,1.22
1605,40,power,0,0.425,13.31,14.22
1606,40,casual,1,0.425,5.48,5.31
1607,40,casual,1,0.425,0.0,4.56
1608,40,dormant,1,0.425,1.79,0.99
1609,40,casual,1,0.425,4.48,3.86
1610,40,casual,1,0.425,10.65,7.68
1611,40,casual,0,0.425,5.09,5.23
1612,40,dormant,0,0.425,1.49,2.72
1613,40,casual,0,0.425,3.21,4.15
1614,40,dormant,0,0.425,1.4,1.21
1615,40,casual,1,0.425,1.27,0.69
1616,40,casual,0,0.425,3.16,6.32
1617,40,dormant,1,0.425,2.08,0.6
1618,40,casual,1,0.425,8.3,10.39
1619,40,casual,1,0.425,5.43,8.08
1620,40,dormant,1,0.425,0.0,0.2
1621,40,dormant,0,0.425,2.53,1.74
1622,40,dormant,1,0.425,0.0,1.37
1623,40,casual,1,0.425,4.83,5.29
1624,40,dormant,0,0.425,0.0,0.0
1625,40,dormant,1,0.425,4.21,0.0
1626,40,casual,0,0.425,4.3,1.2
1627,40,power,0,0.425,15.33,14.34
1628,40,dormant,0,0.425,3.39,2.56
1629,40,casual,0,0.425,1.84,4.08
1630,40,dormant,0,0.425,1.49,0.44
1631,40,casual,0,0.425,5.98,2.81
1632,40,casual,0,0.425,3.05,4.94
1633,40,casual,0,0.425,6.35,6.94
1634,40,casual,0,0.425,4.69,3.48
1635,40,casual,1,0.425,8.07,8.5
1636,40,casual,0,0.425,7.4,8.42
1637,40,dormant,0,0.425,0.2,0.36
1638,40,casual,0,0.425,6.75,4.64
1639,40,casual,1,0.425,5.61,4.52
1640,41,casual,0,0.575,6.45,3.16
1641,41,dormant,1,0.575,1.59,3.95
1642,41,dormant,1,0.575,3.14,1.59
1643,41,dormant,1,0.575,0.67,2.39
1644,41,casual,1,0.575,4.65,5.49
1645,41,power,1,0.575,17.23,19.27
1646,41,power,0,0.575,16.17,18.64
1647,41,casual,1,0.575,8.19,9.23
1648,41,casual,0,0.575,4.93,6.55
1649,41,dormant,1,0.575,2.56,2.8
1650,41,dormant,0,0.575,1.05,0.88
1651,41,casual,0,0.575,3.95,3.48
1652,41,dormant,1,0.575,0.0,0.02
1653,41,dormant,0,0.575,0.74,2.09
1654,41,dormant,1,0.575,3.99,0.31
1655,41,casual,1,0.575,1.54,2.38
1656,41,casual,0,0.575,9.28,9.8
1657,41,casual,1,0.575,2.26,3.54
1658,41,casual,0,0.575,4.84,2.72
1659,41,dormant,1,0.575,2.11,1.94
1660,41,power,1,0.575,8.96,11.7
1661,41,casual,0,0.575,3.62,6.49
1662,41,casual,0,0.575,0.16,6.29
1663,41,power,0,0.575,16.56,19.21
1664,41,casual,1,0.575,5.23,1.64
1665,41,dormant,1,0.575,0.25,0.0
1666,41,dormant,1,0.575,1.59,2.2
1667,41,casual,1,0.575,5.41,7.33
1668,41,dormant,0,0.575,0.0,4.93
1669,41,casual,1,0.575,1.63,2.8
1670,41,casual,1,0.575,2.41,4.51
1671,41,power,0,0.575,13.91,14.51
1672,41,power,0,0.575,18.35,18.63
1673,41,casual,0,0.575,5.39,9.01
1674,41,casual,1,0.575,2.42,3.98
1675,41,dormant,0,0.575,3.35,3.24
1676,41,dormant,0,0.575,1.87,2.59
1677,41,casual,1,0.575,7.09,7.16
1678,41,casual,1,0.575,2.83,6.32
1679,41,dormant,1,0.575,0.79,2.11
1680,42,dormant,0,0.45,3.06,0.0
1681,42,power,1,0.45,16.47,22.24
1682,42,dormant,1,0.45,0.98,0.31
1683,42,power,1,0.45,5.01,10.21
1684,42,casual,0,0.45,8.45,10.4
1685,42,power,0,0.45,15.19,15.34
1686,42,casual,1,0.45,7.23,7.59
1687,42,casual,0,0.45,6.25,9.26
1688,42,dormant,0,0.45,1.0,0.48
1689,42,casual,1,0.45,4.83,6.0
1690,42,dormant,1,0.45,3.37,2.52
1691,42,dormant,0,0.45,0.0,1.23
1692,42,dormant,1,0.45,2.04,0.0
1693,42,dormant,1,0.45,0.0,0.0
1694,42,casual,1,0.45,7.72,9.12
1695,42,dormant,1,0.45,4.13,5.52
1696,42,casual,0,0.45,4.04,0.31
1697,42,dormant,0,0.45,1.65,1.59
1698,42,dormant,0,0.45,3.07,1.98
1699,42,casual,1,0.45,6.36,8.99
1700,42,casual,0,0.45,6.69,6.1
1701,42,dormant,0,0.45,1.62,2.03
1702,42,dormant,0,0.45,0.0,0.14
1703,42,casual,0,0.45,4.37,6.07
1704,42,power,0,0.45,16.0,13.28
1705,42,dormant,1,0.45,0.0,0.0
1706,42,casual,0,0.45,2.27,1.38
1707,42,casual,0,0.45,3.08,2.91
1708,42,dormant,1,0.45,0.14,2.97
1709,42,casual,0,0.45,6.39,8.2
1710,42,dormant,0,0.45,4.03,2.54
1711,42,dormant,1,0.45,1.15,0.32
1712,42,power,1,0.45,13.03,18.62
1713,42,casual,1,0.45,4.13,4.65
1714,42,dormant,0,0.45,0.87,3.0
1715,42,casual,1,0.45,3.07,5.13
1716,42,power,0,0.45,18.55,18.94
1717,42,dormant,1,0.45,0.62,1.4
1718,42,casual,0,0.45,5.6,8.45
1719,42,casual,0,0.45,3.61,6.13
1720,43,casual,0,0.425,4.71,2.53
1721,43,dormant,1,0.425,3.54,1.75
1722,43,power,0,0.425,13.88,13.66
1723,43,dormant,0,0.425,2.33,0.0
1724,43,power,1,0.425,14.71,22.69
1725,43,casual,0,0.425,3.49,4.59
1726,43,dormant,1,0.425,3.27,0.28
1727,43,casual,0,0.425,1.3,0.81
1728,43,dormant,1,0.425,2.01,2.56
1729,43,dormant,1,0.425,3.17,2.82
1730,43,casual,0,0.425,5.52,4.58
1731,43,casual,1,0.425,2.94,4.56
1732,43,casual,0,0.425,7.24,7.79
1733,43,casual,1,0.425,5.19,8.34
1734,43,casual,1,0.425,7.21,9.63
1735,43,casual,1,0.425,9.85,10.44
1736,43,power,1,0.425,9.08,13.95
1737,43,power,0,0.425,16.67,16.55
1738,43,dormant,0,0.425,1.21,1.44
1739,43,casual,1,0.425,4.9,2.75
1740,43,casual,0,0.425,5.91,7.16
1741,43,dormant,0,0.425,0.9,0.0
1742,43,power,0,0.425,9.92,11.63
1743,43,casual,0,0.425,7.2,9.19
1744,43,power,0,0.425,16.61,16.77
1745,43,dormant,1,0.425,0.0,0.65
1746,43,casual,0,0.425,11.6,8.62
1747,43,casual,1,0.425,0.7,4.63
1748,43,casual,1,0.425,7.2,7.62
1749,43,power,0,0.425,10.99,13.68
1750,43,dormant,0,0.425,0.0,0.4
1751,43,casual,1,0.425,9.52,8.83
1752,43,dormant,0,0.425,1.01,0.94
1753,43,casual,0,0.425,6.28,6.22
1754,43,dormant,0,0.425,0.52,0.0
1755,43,casual,0,0.425,9.68,6.99
1756,43,casual,0,0.425,4.22,7.72
1757,43,power,0,0.425,14.27,12.58
1758,43,casual,1,0.425,5.99,7.83
1759,43,casual,1,0.425,7.89,5.93
1760,44,casual,1,0.525,0.0,5.97
1761,44,power,0,0.525,16.13,13.23
1762,44,casual,1,0.525,4.2,5.02
1763,44,dormant,0,0.525,0.82,1.4
1764,44,casual,0,0.525,7.83,8.25
1765,44,dormant,1,0.525,2.07,1.86
1766,44,casual,1,0.525,9.12,8.24
1767,44,casual,1,0.525,6.33,8.72
1768,44,dormant,0,0.525,1.78,3.41
1769,44,casual,0,0.525,9.15,4.69
1770,44,dormant,1,0.525,0.0,0.16
1771,44,casual,1,0.525,4.54,1.41
1772,44,power,0,0.525,15.43,14.22
1773,44,dormant,0,0.525,0.0,0.92
1774,44,dormant,1,0.525,2.69,0.0
1775,44,power,0,0.525,12.69,16.31
1776,44,power,1,0.525,16.92,24.71
1777,44,casual,0,0.525,8.93,9.38
1778,44,casual,0,0.525,3.24,4.57
1779,44,casual,0,0.525,5.47,8.89
1780,44,casual,1,0.525,1.21,1.52
1781,44,dormant,0,0.525,3.48,2.27
1782,44,casual,1,0.525,0.3,1.76
1783,44,dormant,1,0.525,0.92,1.58
1784,44,casual,1,0.525,4.55,3.83
1785,44,casual,0,0.525,10.81,11.78
1786,44,casual,1,0.525,6.99,5.92
1787,44,casual,0,0.525,9.42,7.63
1788,44,power,1,0.525,12.69,13.88
1789,44,power,1,0.525,15.52,20.16
1790,44,casual,1,0.525,4.46,8.44
1791,44,casual,0,0.525,5.05,6.98
1792,44,dormant,0,0.525,0.82,3.81
1793,44,dormant,0,0.525,4.46,1.93
1794,44,dormant,1,0.525,2.53,2.49
1795,44,casual,0,0.525,4.41,3.13
1796,44,casual,1,0.525,8.04,6.59
1797,44,casual,0,0.525,6.4,2.57
1798,44,dormant,1,0.525,0.27,1.76
1799,44,casual,1,0.525,8.92,5.2
1800,45,dormant,0,0.525,3.64,0.17
1801,45,dormant,0,0.525,0.0,0.11
1802,45,dormant,0,0.525,0.0,0.8
1803,45,casual,1,0.525,5.84,5.98
1804,45,casual,0,0.525,1.19,2.93
1805,45,casual,0,0.525,0.42,0.0
1806,45,dormant,0,0.525,2.65,0.0
1807,45,casual,0,0.525,3.1,4.39
1808,45,power,1,0.525,14.04,17.63
1809,45,dormant,1,0.525,1.26,1.51
1810,45,dormant,1,0.525,2.34,4.94
1811,45,dormant,1,0.525,5.24,3.82
1812,45,dormant,0,0.525,0.0,0.0
1813,45,casual,1,0.525,7.37,7.2
1814,45,dormant,0,0.525,5.8,1.43
1815,45,casual,1,0.525,1.79,3.47
1816,45,casual,1,0.525,5.55,6.88
1817,45,dormant,1,0.525,3.38,2.69
1818,45,power,1,0.525,11.76,11.28
1819,45,casual,1,0.525,6.72,8.7
1820,45,dormant,1,0.525,2.4,0.0
1821,45,casual,1,0.525,8.27,8.59
1822,45,dormant,0,0.525,1.78,4.31
1823,45,dormant,0,0.525,2.56,0.75
1824,45,dormant,0,0.525,0.0,0.13
1825,45,dormant,1,0.525,2.33,4.13
1826,45,casual,1,0.525,1.84,9.13
1827,45,dormant,1,0.525,1.61,0.04
1828,45,casual,1,0.525,7.34,10.64
1829,45,dormant,0,0.525,2.47,3.45
1830,45,dormant,1,0.525,2.75,2.64
1831,45,casual,0,0.525,4.03,5.54
1832,45,casual,0,0.525,3.77,0.39
1833,45,power,0,0.525,17.01,20.46
1834,45,casual,1,0.525,10.65,9.53
1835,45,casual,0,0.525,2.79,5.0
1836,45,casual,1,0.525,7.52,7.3
1837,45,dormant,1,0.525,3.75,4.3
1838,45,power,0,0.525,14.51,16.44
1839,45,power,0,0.525,13.63,13.3
1840,46,casual,1,0.55,3.74,6.69
1841,46,dormant,0,0.55,0.0,0.0
1842,46,casual,0,0.55,4.26,7.26
1843,46,dormant,0,0.55,4.92,3.71
1844,46,casual,1,0.55,1.78,4.63
1845,46,dormant,0,0.55,0.0,4.6
1846,46,dormant,0,0.55,2.41,0.01
1847,46,power,0,0.55,17.2,17.42
1848,46,dormant,0,0.55,1.03,2.53
1849,46,dormant,0,0.55,3.1,6.48
1850,46,casual,0,0.55,4.92,5.91
1851,46,power,1,0.55,17.23,21.04
1852,46,casual,1,0.55,4.75,11.36
1853,46,dormant,1,0.55,0.83,1.22
1854,46,casual,1,0.55,7.44,9.91
1855,46,dormant,1,0.55,2.44,1.85
1856,46,casual,1,0.55,5.07,6.21
1857,46,casual,0,0.55,7.52,8.35
1858,46,dormant,1,0.55,6.11,3.52
1859,46,dormant,1,0.55,5.09,0.66
1860,46,casual,1,0.55,3.1,6.74
1861,46,casual,1,0.55,3.96,4.86
1862,46,dormant,1,0.55,2.26,2.64
1863,46,power,0,0.55,19.57,21.96
1864,46,casual,0,0.55,5.52,3.6
1865,46,power,1,0.55,13.39,17.7
1866,46,dormant,1,0.55,0.73,0.53
1867,46,casual,0,0.55,8.56,7.84
1868,46,casual,1,0.55,8.09,8.55
1869,46,power,0,0.55,18.03,15.93
1870,46,dormant,0,0.55,1.77,0.0
1871,46,casual,1,0.55,4.23,5.28
1872,46,casual,0,0.55,6.8,7.76
1873,46,casual,1,0.55,7.93,8.5
1874,46,dormant,1,0.55,3.36,0.59
1875,46,power,1,0.55,17.35,26.59
1876,46,casual,0,0.55,6.93,3.28
1877,46,casual,1,0.55,11.18,9.02
1878,46,power,1,0.55,18.58,20.1
1879,46,casual,0,0.55,8.12,9.99
1880,47,dormant,1,0.575,0.0,1.87
1881,47,dormant,0,0.575,4.45,6.02
1882,47,power,1,0.575,10.81,13.23
1883,47,dormant,1,0.575,3.87,1.43
1884,47,dormant,0,0.575,0.0,0.0
1885,47,dormant,1,0.575,0.0,0.0
1886,47,casual,1,0.575,5.93,6.28
1887,47,dormant,1,0.575,2.6,2.32
1888,47,casual,1,0.575,4.24,7.44
1889,47,dormant,1,0.575,3.09,0.0
1890,47,power,0,0.575,17.33,18.01
1891,47,casual,1,0.575,8.85,7.59
1892,47,casual,0,0.575,4.49,6.37
1893,47,dormant,1,0.575,0.0,0.0
1894,47,casual,0,0.575,8.59,4.12
1895,47,casual,0,0.575,8.25,5.71
1896,47,casual,0,0.575,7.87,6.94
1897,47,casual,1,0.575,8.79,9.81
1898,47,dormant,1,0.575,2.82,1.36
1899,47,dormant,0,0.575,0.0,2.11
1900,47,casual,1,0.575,6.31,10.68
1901,47,dormant,1,0.575,1.6,2.04
1902,47,casual,0,0.575,5.58,5.84
1903,47,casual,1,0.575,5.44,6.29
1904,47,casual,1,0.575,4.43,10.27
1905,47,power,1,0.575,19.7,23.57
1906,47,casual,1,0.575,5.62,4.74
1907,47,dormant,1,0.575,0.0,1.94
1908,47,casual,1,0.575,6.75,3.68
1909,47,casual,0,0.575,2.05,1.81
1910,47,power,1,0.575,13.53,17.43
1911,47,casual,0,0.575,5.65,2.16
1912,47,dormant,0,0.575,3.12,2.91
1913,47,casual,1,0.575,11.28,8.57
1914,47,casual,1,0.575,0.0,0.0
1915,47,casual,0,0.575,3.2,2.05
1916,47,casual,0,0.575,8.14,10.17
1917,47,power,0,0.575,17.09,20.11
1918,47,casual,0,0.575,6.22,4.58
1919,47,casual,0,0.575,10.75,9.63
1920,48,power,1,0.55,10.34,13.79
1921,48,dormant,0,0.55,0.7,2.91
1922,48,dormant,1,0.55,0.5,3.25
1923,48,casual,0,0.55,5.25,5.17
1924,48,casual,1,0.55,6.12,9.8
1925,48,casual,1,0.55,3.84,3.73
1926,48,dormant,0,0.55,4.15,3.14
1927,48,casual,1,0.55,0.24,3.73
1928,48,dormant,1,0.55,0.0,2.35
1929,48,casual,0,0.55,4.23,3.35
1930,48,casual,1,0.55,3.9,6.73
1931,48,casual,0,0.55,4.51,5.25
1932,48,dormant,0,0.55,2.46,1.51
1933,48,casual,1,0.55,6.23,6.17
1934,48,casual,0,0.55,5.61,5.37
1935,48,dormant,0,0.55,0.84,1.86
1936,48,dormant,0,0.55,0.0,2.2
1937,48,casual,1,0.55,4.58,6.66
1938,48,casual,1,0.55,9.61,9.73
1939,48,casual,0,0.55,4.09,4.98
1940,48,dormant,1,0.55,1.8,0.0
1941,48,casual,0,0.55,7.35,7.17
1942,48,dormant,1,0.55,0.61,2.02
1943,48,casual,1,0.55,2.83,1.14
1944,48,dormant,1,0.55,2.69,1.17
1945,48,casual,0,0.55,2.0,2.1
1946,48,power,1,0.55,16.36,18.67
1947,48,casual,0,0.55,5.3,5.55
1948,48,dormant,0,0.55,0.09,2.15
1949,48,casual,1,0.55,10.57,9.62
1950,48,dormant,1,0.55,2.54,0.0
1951,48,casual,0,0.55,4.07,4.34
1952,48,casual,0,0.55,4.98,4.56
1953,48,casual,1,0.55,1.8,4.49
1954,48,casual,0,0.55,6.87,7.33
1955,48,power,1,0.55,12.81,18.53
1956,48,casual,1,0.55,8.65,8.03
1957,48,dormant,0,0.55,1.86,2.34
1958,48,casual,1,0.55,4.71,7.55
1959,48,dormant,1,0.55,0.35,0.0
1960,49,casual,1,0.525,5.2,5.05
1961,49,casual,0,0.525,5.22,5.36
1962,49,casual,0,0.525,6.2,5.22
1963,49,dormant,0,0.525,2.74,2.1
1964,49,power,0,0.525,15.92,16.81
1965,49,casual,1,0.525,4.32,4.69
1966,49,dormant,1,0.525,1.8,0.0
1967,49,casual,0,0.525,3.96,4.62
1968,49,dormant,0,0.525,0.53,0.0
1969,49,casual,0,0.525,3.58,2.68
1970,49,dormant,0,0.525,3.7,2.86
1971,49,power,1,0.525,11.32,13.4
1972,49,power,1,0.525,16.02,19.85
1973,49,casual,1,0.525,3.15,6.55
1974,49,casual,1,0.525,6.9,9.11
1975,49,power,1,0.525,14.85,16.02
1976,49,power,0,0.525,16.78,18.76
1977,49,dormant,0,0.525,2.55,1.76
1978,49,power,0,0.525,17.77,18.8
1979,49,dormant,0,0.525,0.0,0.0
1980,49,power,1,0.525,14.58,17.38
1981,49,casual,1,0.525,2.07,2.64
1982,49,power,0,0.525,9.81,12.27
1983,49,casual,1,0.525,3.97,6.78
1984,49,casual,1,0.525,1.34,4.57
1985,49,casual,1,0.525,7.59,9.42
1986,49,power,1,0.525,6.31,10.16
1987,49,casual,0,0.525,7.1,6.28
1988,49,casual,1,0.525,7.77,9.03
1989,49,casual,1,0.525,6.29,5.3
1990,49,power,1,0.525,14.57,19.7
1991,49,casual,0,0.525,8.98,8.41
1992,49,casual,0,0.525,7.39,8.24
1993,49,dormant,1,0.525,1.95,0.0
1994,49,casual,1,0.525,7.35,4.66
1995,49,dormant,0,0.525,0.0,0.0
1996,49,dormant,0,0.525,0.0,0.25
1997,49,casual,1,0.525,7.92,5.65
1998,49,power,0,0.525,14.56,15.12
1999,49,power,1,0.525,12.52,16.68
2000,50,dormant,0,0.425,2.81,1.67
2001,50,dormant,0,0.425,2.91,3.64
2002,50,casual,1,0.425,3.15,3.68
2003,50,casual,0,0.425,9.42,8.95
2004,50,casual,0,0.425,2.42,4.81
2005,50,casual,0,0.425,8.38,8.58
2006,50,casual,1,0.425,3.21,3.84
2007,50,casual,0,0.425,6.62,8.51
2008,50,casual,1,0.425,3.01,3.99
2009,50,casual,1,0.425,5.66,9.71
2010,50,power,0,0.425,15.58,15.93
2011,50,dormant,0,0.425,0.0,0.88
2012,50,casual,1,0.425,3.4,2.81
2013,50,casual,1,0.425,2.79,6.45
2014,50,dormant,0,0.425,3.69,2.79
2015,50,casual,0,0.425,6.55,9.49
2016,50,casual,1,0.425,5.57,5.53
2017,50,dormant,1,0.425,1.05,0.74
2018,50,power,0,0.425,14.63,13.54
2019,50,casual,0,0.425,0.13,0.76
2020,50,casual,0,0.425,4.14,6.58
2021,50,casual,0,0.425,4.66,4.42
2022,50,dormant,0,0.425,6.12,2.35
2023,50,power,1,0.425,8.73,15.95
2024,50,casual,0,0.425,2.42,4.38
2025,50,casual,0,0.425,2.6,3.52
2026,50,casual,1,0.425,0.0,3.02
2027,50,dormant,1,0.425,2.82,3.98
2028,50,casual,1,0.425,2.5,4.94
2029,50,casual,1,0.425,5.25,6.51
2030,50,casual,0,0.425,4.83,3.71
2031,50,dormant,0,0.425,0.07,3.09
2032,50,casual,1,0.425,3.95,4.32
2033,50,casual,0,0.425,3.83,6.62
2034,50,casual,1,0.425,3.26,5.83
2035,50,power,0,0.425,15.53,13.13
2036,50,power,1,0.425,13.41,20.29
2037,50,casual,0,0.425,7.46,7.33
2038,50,power,0,0.425,8.59,9.92
2039,50,dormant,1,0.425,3.19,1.81
2040,51,casual,0,0.425,5.75,8.33
2041,51,casual,0,0.425,3.75,1.87
2042,51,casual,1,0.425,6.52,10.46
2043,51,casual,0,0.425,5.03,6.15
2044,51,dormant,0,0.425,1.52,0.0
2045,51,power,0,0.425,16.82,17.14
2046,51,casual,0,0.425,5.65,6.43
2047,51,dormant,0,0.425,0.48,1.87
2048,51,casual,1,0.425,3.07,7.97
2049,51,casual,1,0.425,5.18,8.75
2050,51,dormant,0,0.425,0.62,1.17
2051,51,power,0,0.425,6.65,6.32
2052,51,casual,0,0.425,2.97,0.24
2053,51,casual,1,0.425,7.72,6.27
2054,51,dormant,0,0.425,0.0,4.15
2055,51,power,1,0.425,10.85,16.29
2056,51,dormant,1,0.425,0.0,0.36
2057,51,casual,1,0.425,8.1,8.04
2058,51,casual,1,0.425,6.98,2.0
2059,51,dormant,0,0.425,1.33,0.21
2060,51,casual,1,0.425,0.0,5.94
2061,51,casual,1,0.425,9.3,9.64
2062,51,casual,1,0.425,8.08,7.4
2063,51,casual,1,0.425,3.53,3.86
2064,51,casual,1,0.425,2.33,2.32
2065,51,casual,0,0.425,10.67,7.47
2066,51,casual,0,0.425,5.82,7.0
2067,51,casual,1,0.425,3.66,4.92
2068,51,casual,0,0.425,4.89,5.48
2069,51,casual,1,0.425,6.94,7.6
2070,51,casual,0,0.425,6.74,10.67
2071,51,casual,0,0.425,3.73,3.56
2072,51,casual,0,0.425,4.07,1.55
2073,51,casual,0,0.425,4.72,4.06
2074,51,casual,1,0.425,8.66,8.47
2075,51,dormant,1,0.425,2.35,3.74
2076,51,dormant,0,0.425,1.01,0.0
2077,51,casual,0,0.425,8.11,11.85
2078,51,casual,0,0.425,5.32,6.0
2079,51,power,0,0.425,4.76,7.37
2080,52,power,0,0.575,12.97,14.48
2081,52,casual,1,0.575,9.74,5.67
2082,52,casual,0,0.575,5.23,5.62
2083,52,dormant,0,0.575,1.55,3.42
2084,52,power,1,0.575,12.02,16.21
2085,52,dormant,1,0.575,0.41,2.41
2086,52,dormant,1,0.575,2.7,4.67
2087,52,casual,1,0.575,11.0,12.72
2088,52,casual,1,0.575,2.81,5.22
2089,52,casual,1,0.575,7.25,7.47
2090,52,casual,1,0.575,5.87,3.33
2091,52,casual,0,0.575,10.23,3.48
2092,52,dormant,1,0.575,2.46,0.16
2093,52,casual,1,0.575,6.03,7.78
2094,52,casual,0,0.575,9.39,8.73
2095,52,power,1,0.575,16.38,17.52
2096,52,casual,0,0.575,4.53,5.29
2097,52,casual,0,0.575,9.33,8.65
2098,52,dormant,0,0.575,3.57,2.45
2099,52,dormant,1,0.575,0.0,0.0
2100,52,casual,1,0.575,6.53,2.99
2101,52,dormant,0,0.575,0.0,1.77
2102,52,casual,0,0.575,8.68,4.32
2103,52,casual,1,0.575,2.21,3.21
2104,52,casual,0,0.575,1.9,0.83
2105,52,casual,1,0.575,8.28,7.47
2106,52,casual,0,0.575,2.88,5.79
2107,52,casual,1,0.575,7.13,8.25
2108,52,dormant,0,0.575,3.52,0.17
2109,52,dormant,1,0.575,4.24,3.38
2110,52,casual,1,0.575,2.23,4.89
2111,52,dormant,1,0.575,1.57,0.42
2112,52,casual,1,0.575,8.22,9.37
2113,52,casual,1,0.575,6.56,7.96
2114,52,power,0,0.575,12.28,12.69
2115,52,casual,0,0.575,8.51,7.76
2116,52,power,1,0.575,14.3,15.94
2117,52,casual,0,0.575,1.85,3.27
2118,52,casual,1,0.575,4.17,5.81
2119,52,casual,0,0.575,3.66,1.59
2120,53,casual,1,0.625,10.43,7.81
2121,53,casual,1,0.625,2.85,4.62
2122,53,casual,1,0.625,5.02,5.79
2123,53,power,0,0.625,19.96,21.69
2124,53,casual,1,0.625,8.19,8.76
2125,53,casual,0,0.625,6.54,5.79
2126,53,power,0,0.625,16.26,19.3
2127,53,casual,1,0.625,5.73,6.21
2128,53,casual,0,0.625,5.65,7.91
2129,53,power,0,0.625,14.92,17.12
2130,53,dormant,0,0.625,0.0,1.88
2131,53,dormant,0,0.625,3.23,2.12
2132,53,casual,1,0.625,7.22,9.78
2133,53,casual,1,0.625,3.75,5.47
2134,53,dormant,0,0.625,0.71,0.0
2135,53,power,1,0.625,18.7,22.34
2136,53,casual,0,0.625,3.52,6.06
2137,53,casual,1,0.625,0.66,3.17
2138,53,casual,1,0.625,8.24,8.8
2139,53,casual,1,0.625,1.69,6.27
2140,53,casual,1,0.625,1.41,2.84
2141,53,casual,0,0.625,9.49,13.92
2142,53,dormant,0,0.625,0.0,0.0
2143,53,casual,0,0.625,5.83,6.75
2144,53,casual,1,0.625,4.2,7.39
2145,53,casual,1,0.625,11.09,10.86
2146,53,casual,0,0.625,2.45,3.51
2147,53,casual,1,0.625,6.53,3.64
2148,53,dormant,0,0.625,4.02,4.43
2149,53,casual,1,0.625,8.37,11.44
2150,53,casual,1,0.625,8.1,7.23
2151,53,casual,1,0.625,4.77,9.22
2152,53,dormant,1,0.625,1.04,0.03
2153,53,casual,1,0.625,5.8,10.69
2154,53,power,1,0.625,13.32,15.78
2155,53,casual,1,0.625,5.58,14.26
2156,53,casual,1,0.625,3.93,5.68
2157,53,dormant,1,0.625,2.06,5.45
2158,53,casual,0,0.625,4.26,5.5
2159,53,dormant,1,0.625,1.8,2.25
2160,54,dormant,1,0.6,1.32,1.84
2161,54,dormant,0,0.6,5.51,6.64
2162,54,casual,1,0.6,2.52,6.9
2163,54,power,1,0.6,15.56,18.68
2164,54,casual,0,0.6,7.94,8.62
2165,54,casual,1,0.6,0.0,1.34
2166,54,power,0,0.6,13.43,17.37
2167,54,casual,1,0.6,3.33,6.88
2168,54,power,1,0.6,10.76,14.73
2169,54,casual,1,0.6,4.52,7.4
2170,54,casual,1,0.6,1.51,0.28
2171,54,dormant,1,0.6,2.43,0.0
2172,54,power,1,0.6,5.53,11.43
2173,54,dormant,1,0.6,2.78,0.72
2174,54,casual,1,0.6,10.03,4.73
2175,54,dormant,0,0.6,2.46,1.71
2176,54,power,0,0.6,8.82,8.6
2177,54,power,1,0.6,15.5,19.15
2178,54,casual,1,0.6,4.54,5.89
2179,54,casual,0,0.6,8.0,7.06
2180,54,casual,0,0.6,6.07,4.75
2181,54,dormant,1,0.6,2.45,1.49
2182,54,casual,1,0.6,6.77,6.23
2183,54,dormant,1,0.6,0.46,0.08
2184,54,casual,1,0.6,5.71,8.89
2185,54,dormant,1,0.6,1.23,2.38
2186,54,casual,0,0.6,8.31,9.1
2187,54,casual,0,0.6,8.42,6.79
2188,54,casual,0,0.6,9.72,5.67
2189,54,casual,0,0.6,7.97,8.45
2190,54,casual,1,0.6,2.06,3.23
2191,54,casual,0,0.6,3.88,3.75
2192,54,casual,1,0.6,5.9,4.65
2193,54,casual,0,0.6,5.44,8.38
2194,54,dormant,1,0.6,1.76,0.0
2195,54,casual,0,0.6,7.52,8.67
2196,54,power,1,0.6,15.13,17.09
2197,54,casual,0,0.6,3.53,8.81
2198,54,dormant,0,0.6,0.45,3.71
2199,54,power,1,0.6,11.69,16.48
2200,55,casual,1,0.65,7.87,6.18
2201,55,dormant,0,0.65,0.11,1.29
2202,55,power,1,0.65,5.64,9.09
2203,55,casual,0,0.65,7.26,8.21
2204,55,casual,0,0.65,7.68,8.0
2205,55,dormant,1,0.65,2.16,0.4
2206,55,casual,1,0.65,2.61,2.78
2207,55,casual,0,0.65,3.66,4.1
2208,55,power,1,0.65,16.59,18.77
2209,55,dormant,1,0.65,2.99,0.74
2210,55,casual,1,0.65,6.55,9.0
2211,55,casual,1,0.65,3.61,1.37
2212,55,dormant,0,0.65,0.49,2.4
2213,55,casual,1,0.65,7.1,8.34
2214,55,casual,0,0.65,5.52,9.46
2215,55,dormant,0,0.65,2.51,2.79
2216,55,dormant,1,0.65,0.92,0.0
2217,55,dormant,1,0.65,0.0,0.32
2218,55,casual,1,0.65,4.36,3.57
2219,55,casual,1,0.65,4.11,9.2
2220,55,casual,1,0.65,4.17,8.51
2221,55,power,1,0.65,3.14,10.3
2222,55,power,1,0.65,14.19,14.89
2223,55,dormant,0,0.65,0.35,0.0
2224,55,casual,0,0.65,4.61,4.49
2225,55,casual,1,0.65,7.66,6.22
2226,55,casual,1,0.65,9.41,9.87
2227,55,casual,0,0.65,5.63,6.6
2228,55,power,1,0.65,15.43,16.29
2229,55,casual,1,0.65,3.75,6.37
2230,55,casual,1,0.65,1.55,1.83
2231,55,dormant,1,0.65,3.57,3.9
2232,55,casual,0,0.65,5.84,5.06
2233,55,casual,0,0.65,4.7,2.88
2234,55,casual,1,0.65,0.01,0.53
2235,55,casual,1,0.65,5.24,5.71
2236,55,dormant,0,0.65,1.16,0.0
2237,55,casual,1,0.65,8.99,9.2
2238,55,casual,0,0.65,2.68,1.39
2239,55,dormant,1,0.65,2.35,0.02
2240,56,casual,0,0.55,6.73,7.96
2241,56,casual,0,0.55,5.54,4.13
2242,56,casual,1,0.55,5.87,7.89
2243,56,casual,1,0.55,5.28,6.23
2244,56,casual,0,0.55,10.38,9.95
2245,56,power,1,0.55,11.39,17.32
2246,56,casual,1,0.55,6.31,6.87
2247,56,casual,1,0.55,8.1,12.02
2248,56,casual,0,0.55,0.0,1.9
2249,56,dormant,1,0.55,1.96,0.32
2250,56,casual,1,0.55,6.59,8.45
2251,56,power,1,0.55,18.45,21.47
2252,56,casual,0,0.55,10.3,8.44
2253,56,casual,0,0.55,5.16,7.73
2254,56,dormant,1,0.55,1.57,0.36
2255,56,casual,0,0.55,3.05,2.76
2256,56,casual,0,0.55,3.86,4.49
2257,56,casual,0,0.55,6.9,4.9
2258,56,casual,0,0.55,0.05,1.9
2259,56,casual,1,0.55,5.42,5.02
2260,56,dormant,0,0.55,0.05,3.43
2261,56,dormant,1,0.55,0.66,0.0
2262,56,casual,1,0.55,6.27,7.82
2263,56,dormant,1,0.55,0.0,0.0
2264,56,dormant,0,0.55,1.8,2.81
2265,56,casual,0,0.55,5.19,5.56
2266,56,casual,0,0.55,6.89,6.73
2267,56,power,0,0.55,10.41,15.15
2268,56,dormant,1,0.55,5.54,5.38
2269,56,power,1,0.55,12.09,17.0
2270,56,casual,1,0.55,1.87,3.74
2271,56,casual,1,0.55,4.66,6.84
2272,56,power,1,0.55,15.54,18.07
2273,56,dormant,0,0.55,1.53,3.55
2274,56,casual,0,0.55,5.42,4.43
2275,56,power,1,0.55,8.59,14.27
2276,56,casual,1,0.55,9.35,7.47
2277,56,casual,1,0.55,3.74,8.32
2278,56,casual,1,0.55,5.37,7.77
2279,56,power,0,0.55,11.86,9.58
2280,57,dormant,0,0.6,0.0,1.49
2281,57,casual,0,0.6,8.86,10.24
2282,57,casual,0,0.6,8.93,8.86
2283,57,power,1,0.6,10.51,12.9
2284,57,casual,0,0.6,9.01,8.88
2285,57,casual,1,0.6,1.71,3.02
2286,57,dormant,0,0.6,0.63,5.01
2287,57,casual,1,0.6,6.61,8.39
2288,57,dormant,1,0.6,0.0,3.48
2289,57,casual,1,0.6,4.58,5.05
2290,57,casual,0,0.6,7.81,7.91
2291,57,casual,0,0.6,7.25,6.51
2292,57,dormant,1,0.6,0.88,1.51
2293,57,casual,1,0.6,4.62,8.32
2294,57,dormant,1,0.6,0.0,0.14
2295,57,dormant,0,0.6,0.0,0.23
2296,57,casual,1,0.6,3.64,1.33
2297,57,casual,1,0.6,5.41,5.81
2298,57,casual,1,0.6,6.75,4.73
2299,57,casual,1,0.6,5.5,9.05
2300,57,dormant,1,0.6,3.24,0.0
2301,57,dormant,1,0.6,5.18,2.89
2302,57,casual,1,0.6,3.9,6.99
2303,57,casual,0,0.6,5.94,8.88
2304,57,casual,1,0.6,4.21,5.98
2305,57,casual,0,0.6,9.03,3.45
2306,57,dormant,1,0.6,0.22,0.0
2307,57,casual,1,0.6,2.61,6.45
2308,57,dormant,0,0.6,0.0,1.66
2309,57,power,1,0.6,12.35,15.73
2310,57,casual,0,0.6,6.16,4.97
2311,57,dormant,0,0.6,2.41,1.96
2312,57,casual,1,0.6,9.18,11.0
2313,57,casual,0,0.6,3.87,7.98
2314,57,casual,1,0.6,4.75,4.21
2315,57,dormant,1,0.6,1.96,0.56
2316,57,casual,0,0.6,7.21,9.64
2317,57,casual,1,0.6,0.56,3.13
2318,57,casual,1,0.6,6.5,8.92
2319,57,casual,0,0.6,11.34,10.72
2320,58,dormant,1,0.5,0.07,0.0
2321,58,casual,0,0.5,6.42,6.16
2322,58,casual,1,0.5,2.37,5.97
2323,58,dormant,0,0.5,2.71,4.53
2324,58,dormant,1,0.5,0.0,0.55
2325,58,dormant,1,0.5,0.0,0.95
2326,58,casual,0,0.5,3.92,4.84
2327,58,casual,1,0.5,5.34,1.36
2328,58,casual,0,0.5,7.36,10.45
2329,58,dormant,1,0.5,1.45,0.19
2330,58,casual,0,0.5,3.87,6.17
2331,58,power,0,0.5,9.74,12.89
2332,58,casual,0,0.5,6.52,0.22
2333,58,dormant,1,0.5,1.82,0.98
2334,58,casual,0,0.5,3.44,3.46
2335,58,dormant,1,0.5,2.8,0.0
2336,58,casual,0,0.5,6.28,5.08
2337,58,casual,0,0.5,7.16,3.95
2338,58,power,0,0.5,8.56,9.75
2339,58,casual,1,0.5,1.38,4.49
2340,58,power,0,0.5,13.41,13.28
2341,58,dormant,1,0.5,2.85,3.01
2342,58,casual,1,0.5,1.62,6.56
2343,58,dormant,0,0.5,2.29,2.04
2344,58,casual,1,0.5,5.58,8.63
2345,58,casual,0,0.5,5.41,6.71
2346,58,casual,0,0.5,3.78,5.11
2347,58,dormant,1,0.5,0.0,0.0
2348,58,dormant,1,0.5,0.43,1.09
2349,58,casual,0,0.5,5.73,5.61
2350,58,casual,1,0.5,8.53,4.77
2351,58,casual,0,0.5,5.56,8.42
2352,58,casual,1,0.5,1.88,5.09
2353,58,casual,0,0.5,6.87,9.54
2354,58,dormant,1,0.5,2.53,2.21
2355,58,casual,0,0.5,1.19,1.96
2356,58,casual,0,0.5,2.83,3.53
2357,58,casual,1,0.5,5.77,5.22
2358,58,dormant,1,0.5,0.0,0.0
2359,58,power,1,0.5,14.03,19.06
2360,59,power,1,0.575,14.6,17.25
2361,59,casual,1,0.575,4.95,2.47
2362,59,casual,0,0.575,0.0,1.24
2363,59,casual,1,0.575,4.59,6.45
2364,59,dormant,1,0.575,4.91,3.45
2365,59,dormant,1,0.575,2.46,1.28
2366,59,dormant,1,0.575,1.4,2.77
2367,59,dormant,1,0.575,0.03,3.41
2368,59,casual,0,0.575,5.64,6.92
2369,59,casual,0,0.575,9.7,8.76
2370,59,power,0,0.575,9.25,9.69
2371,59,casual,1,0.575,3.01,4.17
2372,59,casual,1,0.575,3.03,4.64
2373,59,casual,1,0.575,4.53,3.85
2374,59,casual,0,0.575,7.41,9.49
2375,59,casual,1,0.575,9.0,10.63
2376,59,power,1,0.575,20.27,20.64
2377,59,power,0,0.575,7.69,7.87
2378,59,casual,1,0.575,4.28,5.62
2379,59,dormant,1,0.575,2.43,0.53
2380,59,dormant,0,0.575,2.92,4.7
2381,59,dormant,0,0.575,0.3,1.61
2382,59,casual,0,0.575,1.2,0.21
2383,59,casual,1,0.575,1.79,3.28
2384,59,casual,0,0.575,7.33,8.08
2385,59,dormant,0,0.575,0.53,0.0
2386,59,casual,0,0.575,4.82,1.61
2387,59,power,0,0.575,6.54,8.28
2388,59,power,0,0.575,20.31,20.63
2389,59,dormant,1,0.575,0.92,0.0
2390,59,dormant,0,0.575,0.94,1.48
2391,59,casual,1,0.575,6.28,6.52
2392,59,casual,1,0.575,6.83,7.41
2393,59,dormant,1,0.575,0.0,1.97
2394,59,casual,1,0.575,5.73,4.69
2395,59,dormant,0,0.575,1.78,0.85
2396,59,casual,1,0.575,1.68,4.54
2397,59,casual,1,0.575,8.81,8.41
2398,59,dormant,1,0.575,0.94,1.69
2399,59,power,0,0.575,13.03,15.62
2400,60,power,0,0.525,9.02,10.69
2401,60,casual,1,0.525,5.52,5.8
2402,60,dormant,0,0.525,0.04,0.0
2403,60,dormant,0,0.525,1.94,1.11
2404,60,casual,0,0.525,1.04,1.79
2405,60,casual,1,0.525,7.56,5.25
2406,60,casual,0,0.525,9.7,10.11
2407,60,power,1,0.525,24.09,25.46
2408,60,casual,1,0.525,5.82,8.46
2409,60,power,1,0.525,21.69,25.55
2410,60,dormant,1,0.525,2.52,1.01
2411,60,power,1,0.525,11.85,14.88
2412,60,dormant,1,0.525,2.02,0.28
2413,60,dormant,1,0.525,2.45,2.44
2414,60,power,1,0.525,17.67,20.18
2415,60,dormant,0,0.525,2.05,3.05
2416,60,dormant,0,0.525,3.45,3.26
2417,60,casual,1,0.525,3.62,8.06
2418,60,power,0,0.525,10.8,12.15
2419,60,dormant,1,0.525,5.18,5.39
2420,60,casual,1,0.525,5.13,6.79
2421,60,casual,0,0.525,7.36,5.2
2422,60,dormant,0,0.525,0.81,1.08
2423,60,casual,1,0.525,1.76,3.45
2424,60,casual,0,0.525,7.11,1.73
2425,60,casual,0,0.525,6.63,7.6
2426,60,dormant,0,0.525,1.86,5.59
2427,60,casual,0,0.525,6.22,6.85
2428,60,casual,0,0.525,8.26,8.82
2429,60,casual,1,0.525,4.05,6.15
2430,60,casual,0,0.525,8.05,9.13
2431,60,casual,1,0.525,9.26,5.47
2432,60,dormant,0,0.525,0.0,2.16
2433,60,casual,1,0.525,4.85,8.2
2434,60,power,1,0.525,14.63,18.67
2435,60,casual,1,0.525,5.27,5.17
2436,60,casual,0,0.525,1.59,2.11
2437,60,casual,1,0.525,1.79,1.11
2438,60,casual,1,0.525,8.98,8.56
2439,60,dormant,0,0.525,0.0,0.73
2440,61,casual,1,0.625,0.49,3.51
2441,61,casual,1,0.625,3.23,5.19
2442,61,power,1,0.625,16.87,20.4
2443,61,dormant,1,0.625,0.48,1.65
2444,61,dormant,1,0.625,0.44,2.22
2445,61,power,0,0.625,12.09,12.29
2446,61,dormant,1,0.625,0.82,0.0
2447,61,casual,1,0.625,7.67,7.62
2448,61,dormant,1,0.625,1.55,2.13
2449,61,casual,1,0.625,8.03,7.04
2450,61,casual,1,0.625,4.21,6.13
2451,61,casual,0,0.625,2.75,2.55
2452,61,casual,0,0.625,4.86,4.18
2453,61,casual,0,0.625,4.52,6.03
2454,61,dormant,1,0.625,5.03,0.17
2455,61,power,1,0.625,9.61,14.48
2456,61,dormant,0,0.625,0.0,2.62
2457,61,casual,1,0.625,5.99,9.63
2458,61,casual,1,0.625,0.22,2.47
2459,61,casual,0,0.625,9.67,12.2
2460,61,casual,0,0.625,6.62,11.1
2461,61,casual,0,0.625,5.65,4.68
2462,61,casual,1,0.625,8.96,9.22
2463,61,casual,0,0.625,9.0,4.31
2464,61,casual,0,0.625,5.15,6.2
2465,61,casual,1,0.625,4.73,4.26
2466,61,casual,0,0.625,5.54,6.37
2467,61,power,1,0.625,9.32,15.43
2468,61,casual,0,0.625,8.59,10.32
2469,61,casual,0,0.625,8.3,10.72
2470,61,dormant,1,0.625,3.6,0.49
2471,61,casual,1,0.625,5.89,5.41
2472,61,casual,1,0.625,4.71,4.54
2473,61,casual,1,0.625,1.21,4.77
2474,61,dormant,1,0.625,2.79,2.29
2475,61,casual,0,0.625,4.27,3.05
2476,61,casual,1,0.625,8.66,6.26
2477,61,dormant,1,0.625,4.54,3.54
2478,61,power,1,0.625,6.46,10.64
2479,61,dormant,0,0.625,0.0,0.0
2480,62,dormant,0,0.425,3.64,1.45
2481,62,power,0,0.425,9.84,11.14
2482,62,casual,0,0.425,6.99,6.02
2483,62,dormant,1,0.425,1.37,0.0
2484,62,casual,0,0.425,11.03,8.82
2485,62,casual,0,0.425,5.32,6.64
2486,62,power,1,0.425,5.57,11.76
2487,62,casual,1,0.425,2.86,1.98
2488,62,casual,1,0.425,5.6,10.82
2489,62,casual,0,0.425,6.18,6.07
2490,62,casual,0,0.425,5.82,6.23
2491,62,casual,0,0.425,5.7,4.48
2492,62,dormant,1,0.425,5.04,1.0
2493,62,dormant,1,0.425,0.0,2.5
2494,62,casual,1,0.425,9.57,9.36
2495,62,dormant,0,0.425,0.0,0.0
2496,62,casual,0,0.425,5.61,7.31
2497,62,casual,0,0.425,3.78,3.06
2498,62,casual,1,0.425,3.86,5.46
2499,62,casual,1,0.425,0.0,3.9
2500,62,casual,1,0.425,10.21,9.36
2501,62,casual,1,0.425,8.33,7.24
2502,62,dormant,0,0.425,0.71,0.0
2503,62,casual,0,0.425,7.18,7.81
2504,62,casual,0,0.425,4.47,1.53
2505,62,casual,0,0.425,8.33,6.8
2506,62,power,0,0.425,9.95,10.56
2507,62,dormant,0,0.425,0.38,1.6
2508,62,dormant,1,0.425,1.91,0.0
2509,62,casual,1,0.425,8.71,9.15
2510,62,dormant,0,0.425,0.26,0.0
2511,62,dormant,1,0.425,6.3,3.45
2512,62,casual,1,0.425,9.32,8.28
2513,62,casual,0,0.425,8.82,5.26
2514,62,casual,0,0.425,4.79,3.64
2515,62,casual,0,0.425,5.12,6.15
2516,62,dormant,1,0.425,0.0,1.36
2517,62,casual,0,0.425,8.41,9.71
2518,62,power,0,0.425,12.97,15.53
2519,62,casual,1,0.425,9.94,10.56
2520,63,casual,1,0.55,10.57,11.21
2521,63,casual,0,0.55,3.55,7.3
2522,63,dormant,1,0.55,3.48,1.7
2523,63,casual,1,0.55,8.78,8.86
2524,63,casual,1,0.55,7.5,8.42
2525,63,casual,1,0.55,6.75,6.58
2526,63,dormant,0,0.55,0.0,0.0
2527,63,dormant,1,0.55,6.85,2.84
2528,63,casual,1,0.55,4.92,7.79
2529,63,dormant,0,0.55,0.0,0.03
2530,63,dormant,1,0.55,1.63,1.93
2531,63,dormant,0,0.55,1.12,0.83
2532,63,casual,1,0.55,2.92,2.79
2533,63,casual,1,0.55,6.24,5.62
2534,63,casual,1,0.55,3.72,6.54
2535,63,dormant,1,0.55,3.71,0.85
2536,63,dormant,1,0.55,2.41,0.0
2537,63,casual,1,0.55,5.13,5.15
2538,63,casual,0,0.55,2.18,2.91
2539,63,casual,0,0.55,6.69,3.68
2540,63,dormant,0,0.55,0.97,4.0
2541,63,dormant,1,0.55,1.8,3.4
2542,63,dormant,0,0.55,2.77,4.5
2543,63,dormant,0,0.55,0.0,0.0
2544,63,casual,0,0.55,5.3,8.2
2545,63,casual,1,0.55,7.22,9.59
2546,63,dormant,0,0.55,0.8,0.04
2547,63,power,0,0.55,14.49,16.44
2548,63,dormant,1,0.55,2.59,4.6
2549,63,casual,1,0.55,0.0,4.99
2550,63,dormant,0,0.55,5.45,1.37
2551,63,casual,0,0.55,4.85,6.68
2552,63,dormant,1,0.55,1.34,4.74
2553,63,casual,1,0.55,8.75,10.01
2554,63,casual,0,0.55,4.64,5.9
2555,63,power,0,0.55,12.87,12.21
2556,63,casual,0,0.55,10.3,9.33
2557,63,casual,0,0.55,3.48,5.72
2558,63,casual,1,0.55,0.0,0.62
2559,63,dormant,1,0.55,1.46,1.19
2560,64,casual,0,0.5,10.73,10.49
2561,64,dormant,1,0.5,0.0,0.0
2562,64,casual,0,0.5,5.96,2.58
2563,64,casual,1,0.5,3.17,4.42
2564,64,power,0,0.5,5.98,7.12
2565,64,casual,1,0.5,4.22,6.6
2566,64,dormant,1,0.5,2.0,1.51
2567,64,casual,1,0.5,4.27,8.72
2568,64,casual,0,0.5,1.43,3.53
2569,64,dormant,0,0.5,2.38,0.15
2570,64,casual,0,0.5,8.81,7.23
2571,64,dormant,1,0.5,1.93,3.46
2572,64,power,1,0.5,18.23,20.48
2573,64,dormant,1,0.5,0.0,2.08
2574,64,dormant,1,0.5,4.61,0.0
2575,64,casual,0,0.5,5.99,2.41
2576,64,dormant,1,0.5,1.18,1.47
2577,64,dormant,0,0.5,1.45,3.49
2578,64,casual,1,0.5,3.86,8.39
2579,64,dormant,1,0.5,2.08,1.23
2580,64,casual,0,0.5,6.6,6.54
2581,64,casual,1,0.5,10.36,9.72
2582,64,dormant,1,0.5,0.49,2.44
2583,64,casual,0,0.5,4.03,3.02
2584,64,casual,1,0.5,3.06,4.53
2585,64,casual,1,0.5,7.29,9.41
2586,64,dormant,0,0.5,4.17,1.79
2587,64,casual,0,0.5,12.02,11.09
2588,64,casual,0,0.5,4.87,6.88
2589,64,casual,0,0.5,10.7,10.85
2590,64,dormant,0,0.5,1.06,2.66
2591,64,casual,1,0.5,5.47,5.96
2592,64,casual,0,0.5,6.18,9.93
2593,64,casual,1,0.5,3.96,4.43
2594,64,casual,0,0.5,9.55,9.71
2595,64,casual,0,0.5,4.89,4.68
2596,64,casual,1,0.5,7.16,8.55
2597,64,casual,0,0.5,8.34,9.54
2598,64,dormant,0,0.5,0.0,0.0
2599,64,power,1,0.5,23.38,24.75
2600,65,power,1,0.425,19.06,17.27
2601,65,dormant,0,0.425,2.55,1.53
2602,65,power,0,0.425,14.73,18.72
2603,65,casual,0,0.425,7.55,5.74
2604,65,dormant,1,0.425,0.0,0.06
2605,65,power,1,0.425,11.44,17.82
2606,65,casual,1,0.425,1.89,6.39
2607,65,casual,0,0.425,5.81,7.85
2608,65,casual,0,0.425,7.15,6.73
2609,65,dormant,0,0.425,1.12,1.93
2610,65,casual,0,0.425,4.45,2.78
2611,65,casual,0,0.425,5.52,5.93
2612,65,casual,1,0.425,8.96,3.94
2613,65,casual,1,0.425,6.58,7.17
2614,65,casual,1,0.425,9.15,8.44
2615,65,casual,1,0.425,0.11,1.05
2616,65,casual,0,0.425,0.1,3.2
2617,65,dormant,0,0.425,2.49,0.93
2618,65,casual,1,0.425,7.61,11.8
2619,65,casual,0,0.425,11.67,9.19
2620,65,power,0,0.425,14.19,14.78
2621,65,casual,1,0.425,1.9,2.16
2622,65,power,1,0.425,15.91,16.39
2623,65,power,0,0.425,6.35,9.57
2624,65,dormant,0,0.425,0.99,0.0
2625,65,casual,0,0.425,6.58,6.07
2626,65,dormant,0,0.425,1.73,1.05
2627,65,casual,0,0.425,3.57,3.12
2628,65,casual,1,0.425,7.25,9.12
2629,65,dormant,0,0.425,0.0,4.38
2630,65,casual,1,0.425,8.03,7.48
2631,65,casual,0,0.425,5.0,4.34
2632,65,dormant,1,0.425,0.0,4.31
2633,65,dormant,0,0.425,1.3,3.23
2634,65,casual,0,0.425,11.24,11.81
2635,65,casual,0,0.425,6.55,6.99
2636,65,dormant,1,0.425,1.0,2.38
2637,65,casual,1,0.425,5.15,5.52
2638,65,casual,0,0.425,4.19,3.75
2639,65,casual,1,0.425,8.55,7.36
2640,66,dormant,1,0.55,0.4,0.74
2641,66,dormant,0,0.55,0.76,0.0
2642,66,dormant,0,0.55,0.04,0.0
2643,66,dormant,1,0.55,0.85,0.0
2644,66,casual,1,0.55,9.57,7.07
2645,66,casual,1,0.55,9.91,9.12
2646,66,casual,1,0.55,4.59,9.13
2647,66,dormant,1,0.55,0.23,2.19
2648,66,power,1,0.55,11.04,11.36
2649,66,casual,0,0.55,5.64,8.04
2650,66,dormant,1,0.55,0.43,0.0
2651,66,casual,1,0.55,4.07,8.12
2652,66,casual,0,0.55,6.23,7.51
2653,66,casual,1,0.55,3.49,5.02
2654,66,dormant,0,0.55,2.33,4.02
2655,66,casual,0,0.55,6.23,7.52
2656,66,casual,1,0.55,2.17,0.51
2657,66,dormant,1,0.55,0.0,0.0
2658,66,casual,1,0.55,1.79,4.15
2659,66,power,0,0.55,12.37,16.58
2660,66,casual,1,0.55,2.0,7.97
2661,66,dormant,0,0.55,2.04,1.04
2662,66,power,1,0.55,12.89,13.77
2663,66,dormant,0,0.55,1.93,1.6
2664,66,dormant,0,0.55,2.77,0.67
2665,66,casual,1,0.55,5.83,6.95
2666,66,casual,0,0.55,6.68,3.92
2667,66,casual,1,0.55,10.86,9.6
2668,66,casual,0,0.55,5.63,7.13
2669,66,dormant,1,0.55,0.64,0.98
2670,66,dormant,1,0.55,1.21,2.98
2671,66,casual,0,0.55,2.01,3.8
2672,66,dormant,1,0.55,0.0,1.37
2673,66,power,1,0.55,3.8,11.52
2674,66,casual,0,0.55,5.65,3.52
2675,66,casual,0,0.55,7.69,11.01
2676,66,dormant,1,0.55,2.8,1.86
2677,66,casual,0,0.55,7.39,7.49
2678,66,casual,0,0.55,1.67,2.8
2679,66,casual,0,0.55,5.3,6.05
2680,67,casual,1,0.425,8.36,10.02
2681,67,dormant,0,0.425,3.54,5.57
2682,67,casual,0,0.425,2.3,2.28
2683,67,casual,0,0.425,2.05,4.25
2684,67,casual,0,0.425,5.41,4.67
2685,67,casual,0,0.425,2.25,0.97
2686,67,dormant,1,0.425,1.17,1.4
2687,67,casual,1,0.425,9.26,5.6
2688,67,dormant,1,0.425,2.09,2.62
2689,67,casual,0,0.425,8.5,8.64
2690,67,dormant,1,0.425,0.78,0.0
2691,67,power,1,0.425,10.79,15.83
2692,67,casual,0,0.425,6.75,8.26
2693,67,power,1,0.425,12.32,18.03
2694,67,casual,0,0.425,3.41,2.22
2695,67,casual,1,0.425,6.51,5.37
2696,67,casual,0,0.425,6.28,5.33
2697,67,casual,0,0.425,6.76,2.35
2698,67,casual,1,0.425,8.17,7.73
2699,67,dormant,0,0.425,1.09,1.89
2700,67,power,1,0.425,15.82,18.52
2701,67,casual,0,0.425,7.13,5.51
2702,67,casual,1,0.425,4.43,3.36
2703,67,casual,1,0.425,4.73,9.65
2704,67,casual,1,0.425,5.48,5.41
2705,67,dormant,0,0.425,0.87,3.06
2706,67,casual,0,0.425,8.99,12.04
2707,67,dormant,1,0.425,1.83,1.35
2708,67,casual,0,0.425,7.37,5.08
2709,67,dormant,0,0.425,0.52,0.0
2710,67,dormant,1,0.425,3.35,5.67
2711,67,dormant,0,0.425,3.52,1.4
2712,67,casual,0,0.425,3.72,4.99
2713,67,power,1,0.425,11.22,16.95
2714,67,casual,0,0.425,6.55,8.55
2715,67,dormant,0,0.425,3.87,1.31
2716,67,power,0,0.425,12.75,17.04
2717,67,casual,0,0.425,3.46,0.66
2718,67,casual,1,0.425,5.73,10.3
2719,67,casual,0,0.425,2.26,0.0
2720,68,casual,1,0.525,4.74,7.35
2721,68,casual,1,0.525,1.56,4.2
2722,68,dormant,1,0.525,2.13,4.38
2723,68,power,1,0.525,9.68,17.21
2724,68,casual,1,0.525,7.28,9.18
2725,68,casual,0,0.525,6.73,4.5
2726,68,casual,1,0.525,9.22,6.51
2727,68,casual,0,0.525,5.22,8.87
2728,68,power,0,0.525,10.24,12.14
2729,68,casual,1,0.525,7.4,9.02
2730,68,dormant,1,0.525,3.21,2.27
2731,68,casual,1,0.525,8.68,11.3
2732,68,casual,1,0.525,8.04,7.68
2733,68,casual,0,0.525,8.0,5.91
2734,68,casual,0,0.525,3.98,1.84
2735,68,dormant,0,0.525,2.86,1.48
2736,68,casual,1,0.525,5.67,5.34
2737,68,casual,0,0.525,6.76,8.35
2738,68,casual,1,0.525,1.53,3.67
2739,68,casual,0,0.525,3.23,4.15
2740,68,power,1,0.525,8.88,14.53
2741,68,casual,1,0.525,5.55,9.28
2742,68,casual,0,0.525,6.51,6.13
2743,68,power,1,0.525,12.04,16.04
2744,68,power,1,0.525,6.94,9.41
2745,68,casual,0,0.525,11.93,13.25
2746,68,casual,0,0.525,1.72,5.16
2747,68,dormant,0,0.525,0.0,4.53
2748,68,casual,1,0.525,9.45,6.41
2749,68,casual,1,0.525,7.16,8.2
2750,68,dormant,0,0.525,2.62,0.84
2751,68,dormant,0,0.525,2.08,0.31
2752,68,casual,1,0.525,4.49,6.7
2753,68,dormant,0,0.525,0.79,0.73
2754,68,casual,0,0.525,1.2,0.0
2755,68,casual,1,0.525,4.22,5.14
2756,68,casual,1,0.525,5.77,8.64
2757,68,casual,0,0.525,4.74,8.49
2758,68,casual,0,0.525,6.24,7.13
2759,68,power,0,0.525,13.56,17.75
2760,69,casual,1,0.575,4.09,6.13
2761,69,casual,1,0.575,7.96,6.66
2762,69,casual,1,0.575,3.57,6.24
2763,69,casual,0,0.575,8.16,9.17
2764,69,dormant,1,0.575,0.04,2.23
2765,69,casual,1,0.575,1.1,0.02
2766,69,casual,0,0.575,7.6,4.74
2767,69,power,1,0.575,14.05,17.58
2768,69,casual,0,0.575,6.76,3.7
2769,69,dormant,0,0.575,2.78,0.0
2770,69,casual,1,0.575,10.46,9.14
2771,69,casual,0,0.575,4.22,4.27
2772,69,power,0,0.575,14.53,15.1
2773,69,casual,1,0.575,5.38,3.96
2774,69,dormant,1,0.575,4.46,2.52
2775,69,casual,1,0.575,8.83,11.23
2776,69,dormant,1,0.575,3.13,4.04
2777,69,casual,0,0.575,0.7,1.73
2778,69,dormant,0,0.575,1.17,1.12
2779,69,dormant,0,0.575,1.73,2.91
2780,69,dormant,1,0.575,1.4,0.75
2781,69,casual,1,0.575,5.43,6.94
2782,69,casual,1,0.575,0.0,0.6
2783,69,casual,0,0.575,3.31,3.99
2784,69,casual,1,0.575,7.29,8.07
2785,69,casual,0,0.575,8.15,7.23
2786,69,power,1,0.575,17.88,17.73
2787,69,dormant,1,0.575,2.35,3.89
2788,69,casual,1,0.575,6.74,8.54
2789,69,casual,0,0.575,5.82,6.47
2790,69,casual,0,0.575,3.28,1.78
2791,69,dormant,1,0.575,1.36,0.0
2792,69,casual,0,0.575,2.87,4.06
2793,69,casual,1,0.575,9.6,13.6
2794,69,casual,0,0.575,6.47,6.24
2795,69,casual,0,0.575,8.09,7.88
2796,69,casual,0,0.575,3.68,3.84
2797,69,casual,1,0.575,4.49,5.2
2798,69,casual,1,0.575,5.76,5.47
2799,69,dormant,1,0.575,0.43,0.0
2800,70,dormant,0,0.575,2.35,2.39
2801,70,casual,0,0.575,6.62,8.34
2802,70,dormant,1,0.575,2.66,3.64
2803,70,power,0,0.575,12.55,11.46
2804,70,casual,1,0.575,3.16,4.29
2805,70,dormant,1,0.575,2.36,2.26
2806,70,casual,0,0.575,8.98,8.97
2807,70,dormant,1,0.575,0.0,0.0
2808,70,power,0,0.575,21.56,20.75
2809,70,casual,1,0.575,9.06,6.75
2810,70,casual,0,0.575,7.75,7.31
2811,70,dormant,1,0.575,3.54,0.71
2812,70,dormant,1,0.575,2.03,1.09
2813,70,casual,1,0.575,2.94,3.44
2814,70,casual,1,0.575,5.0,6.07
2815,70,casual,0,0.575,7.53,9.98
2816,70,dormant,1,0.575,1.4,3.45
2817,70,casual,1,0.575,8.53,10.8
2818,70,casual,1,0.575,3.35,7.5
2819,70,casual,0,0.575,4.3,4.84
2820,70,dormant,0,0.575,3.67,2.18
2821,70,casual,1,0.575,1.28,2.53
2822,70,casual,0,0.575,7.75,6.79
2823,70,casual,1,0.575,7.4,7.2
2824,70,power,0,0.575,9.1,11.8
2825,70,casual,0,0.575,3.31,5.34
2826,70,casual,1,0.575,4.84,7.21
2827,70,casual,1,0.575,7.57,7.69
2828,70,casual,1,0.575,5.96,6.65
2829,70,casual,1,0.575,1.55,2.19
2830,70,casual,1,0.575,4.58,4.65
2831,70,casual,1,0.575,4.73,7.45
2832,70,dormant,0,0.575,0.17,2.5
2833,70,casual,0,0.575,6.03,8.48
2834,70,power,1,0.575,13.62,19.21
2835,70,casual,0,0.575,5.99,5.98
2836,70,casual,0,0.575,9.15,9.47
2837,70,casual,0,0.575,9.47,10.58
2838,70,dormant,1,0.575,1.49,0.9
2839,70,casual,1,0.575,3.48,6.58
2840,71,power,0,0.475,18.71,18.26
2841,71,casual,1,0.475,0.44,7.49
2842,71,dormant,1,0.475,0.2,0.0
2843,71,casual,0,0.475,6.04,4.53
2844,71,dormant,1,0.475,1.58,0.0
2845,71,power,0,0.475,16.3,19.52
2846,71,casual,0,0.475,5.42,6.42
2847,71,casual,0,0.475,10.3,4.9
2848,71,casual,0,0.475,10.19,8.01
2849,71,casual,1,0.475,5.4,4.69
2850,71,power,1,0.475,5.48,11.44
2851,71,casual,0,0.475,7.79,5.73
2852,71,dormant,1,0.475,0.0,0.0
2853,71,casual,1,0.475,6.2,3.42
2854,71,power,1,0.475,11.88,9.54
2855,71,casual,1,0.475,4.51,5.78
2856,71,casual,0,0.475,5.17,9.54
2857,71,dormant,0,0.475,1.27,2.53
2858,71,dormant,0,0.475,3.42,0.57
2859,71,dormant,1,0.475,0.0,1.65
2860,71,dormant,1,0.475,0.0,0.0
2861,71,power,0,0.475,10.44,11.58
2862,71,casual,0,0.475,2.28,5.44
2863,71,dormant,0,0.475,0.0,2.5
2864,71,power,1,0.475,14.52,14.9
2865,71,casual,1,0.475,6.3,7.9
2866,71,dormant,1,0.475,2.23,2.77
2867,71,power,0,0.475,17.57,20.01
2868,71,dormant,0,0.475,0.13,1.24
2869,71,power,0,0.475,15.89,17.17
2870,71,dormant,1,0.475,0.0,0.0
2871,71,casual,1,0.475,7.08,7.91
2872,71,power,0,0.475,8.29,11.46
2873,71,power,1,0.475,15.47,18.17
2874,71,casual,0,0.475,5.96,4.66
2875,71,casual,0,0.475,4.56,1.45
2876,71,dormant,1,0.475,1.02,0.62
2877,71,casual,0,0.475,2.81,5.73
2878,71,casual,0,0.475,6.23,7.58
2879,71,casual,1,0.475,6.85,3.87
2880,72,power,1,0.425,11.43,20.17
2881,72,power,0,0.425,14.65,15.72
2882,72,dormant,1,0.425,1.82,0.0
2883,72,casual,1,0.425,2.75,3.71
2884,72,power,0,0.425,12.87,12.8
2885,72,dormant,0,0.425,0.04,1.56
2886,72,casual,0,0.425,4.76,7.16
2887,72,dormant,1,0.425,1.56,2.07
2888,72,dormant,1,0.425,0.0,0.0
2889,72,casual,0,0.425,4.01,2.62
2890,72,casual,0,0.425,6.05,2.53
2891,72,dormant,0,0.425,1.13,4.33
2892,72,casual,0,0.425,9.72,8.99
2893,72,casual,0,0.425,2.74,1.34
2894,72,casual,1,0.425,9.63,7.07
2895,72,dormant,1,0.425,2.69,1.07
2896,72,dormant,1,0.425,1.16,0.88
2897,72,casual,1,0.425,7.69,6.7
2898,72,power,1,0.425,11.95,14.25
2899,72,casual,0,0.425,6.83,7.32
2900,72,power,0,0.425,20.81,21.14
2901,72,power,0,0.425,11.13,15.41
2902,72,casual,1,0.425,6.66,10.32
2903,72,dormant,1,0.425,2.17,1.14
2904,72,dormant,0,0.425,0.0,1.49
2905,72,casual,0,0.425,5.05,3.16
2906,72,casual,1,0.425,4.15,6.0
2907,72,casual,0,0.425,3.76,6.24
2908,72,power,0,0.425,17.14,19.31
2909,72,casual,1,0.425,3.79,3.11
2910,72,power,0,0.425,16.67,15.83
2911,72,casual,0,0.425,6.02,5.69
2912,72,dormant,1,0.425,0.0,3.3
2913,72,casual,0,0.425,0.8,1.98
2914,72,casual,1,0.425,6.02,7.04
2915,72,power,0,0.425,13.53,13.98
2916,72,casual,0,0.425,3.42,7.33
2917,72,casual,0,0.425,3.86,3.65
2918,72,casual,0,0.425,8.29,10.09
2919,72,dormant,1,0.425,3.36,2.02
2920,73,power,0,0.625,11.39,12.66
2921,73,dormant,0,0.625,0.52,0.0
2922,73,casual,1,0.625,3.3,9.66
2923,73,casual,1,0.625,6.03,7.03
2924,73,casual,1,0.625,7.54,7.86
2925,73,dormant,0,0.625,3.39,2.01
2926,73,casual,1,0.625,6.75,9.17
2927,73,casual,1,0.625,5.54,6.45
2928,73,casual,1,0.625,4.52,2.66
2929,73,casual,1,0.625,9.05,10.67
2930,73,casual,1,0.625,6.0,6.05
2931,73,casual,1,0.625,3.7,3.08
2932,73,casual,1,0.625,2.51,4.54
2933,73,casual,1,0.625,7.72,4.4
2934,73,dormant,0,0.625,3.68,2.64
2935,73,dormant,0,0.625,3.92,3.14
2936,73,dormant,1,0.625,0.88,0.59
2937,73,casual,1,0.625,8.27,8.32
2938,73,casual,1,0.625,4.88,4.63
2939,73,power,1,0.625,10.87,14.37
2940,73,dormant,0,0.625,0.0,0.0
2941,73,dormant,1,0.625,1.4,0.37
2942,73,dormant,1,0.625,1.0,3.46
2943,73,power,0,0.625,17.91,17.31
2944,73,casual,1,0.625,5.79,0.51
2945,73,casual,1,0.625,7.62,10.84
2946,73,casual,1,0.625,4.02,4.91
2947,73,dormant,0,0.625,2.12,3.31
2948,73,casual,0,0.625,8.05,7.79
2949,73,casual,0,0.625,5.5,7.05
2950,73,power,1,0.625,17.42,20.34
2951,73,casual,0,0.625,3.53,5.54
2952,73,casual,0,0.625,0.75,0.0
2953,73,casual,1,0.625,4.45,5.2
2954,73,dormant,1,0.625,0.53,0.0
2955,73,power,0,0.625,15.16,14.16
2956,73,dormant,1,0.625,0.35,2.97
2957,73,casual,0,0.625,6.69,8.08
2958,73,power,1,0.625,18.69,19.01
2959,73,casual,0,0.625,7.18,8.56
2960,74,casual,1,0.5,5.45,7.05
2961,74,casual,0,0.5,4.78,4.15
2962,74,power,1,0.5,24.74,23.86
2963,74,casual,0,0.5,4.98,3.42
2964,74,casual,0,0.5,4.44,4.64
2965,74,power,1,0.5,10.83,11.42
2966,74,casual,1,0.5,4.61,5.69
2967,74,casual,1,0.5,3.47,6.42
2968,74,dormant,0,0.5,3.43,4.71
2969,74,dormant,0,0.5,2.76,1.92
2970,74,power,0,0.5,20.62,19.5
2971,74,casual,1,0.5,8.56,7.37
2972,74,casual,0,0.5,6.41,6.97
2973,74,dormant,1,0.5,0.43,2.43
2974,74,casual,0,0.5,6.1,5.36
2975,74,casual,0,0.5,4.8,6.51
2976,74,dormant,1,0.5,1.98,0.98
2977,74,casual,1,0.5,5.0,3.62
2978,74,dormant,1,0.5,2.32,0.0
2979,74,power,0,0.5,13.76,10.45
2980,74,casual,1,0.5,7.21,7.39
2981,74,power,0,0.5,9.62,10.39
2982,74,casual,1,0.5,7.94,9.02
2983,74,casual,1,0.5,5.28,7.71
2984,74,casual,1,0.5,4.53,4.42
2985,74,dormant,1,0.5,0.0,0.31
2986,74,casual,1,0.5,5.78,5.93
2987,74,dormant,0,0.5,0.81,1.43
2988,74,casual,1,0.5,3.65,3.41
2989,74,dormant,0,0.5,0.0,0.0
2990,74,casual,0,0.5,0.76,3.0
2991,74,casual,0,0.5,0.17,0.0
2992,74,dormant,1,0.5,1.32,1.68
2993,74,dormant,1,0.5,1.23,0.0
2994,74,dormant,0,0.5,0.24,1.9
2995,74,dormant,0,0.5,1.12,0.39
2996,74,dormant,0,0.5,1.37,0.25
2997,74,dormant,0,0.5,1.79,0.0
2998,74,dormant,1,0.5,0.25,1.97
2999,74,casual,0,0.5,0.0,2.43
3000,75,dormant,0,0.45,2.52,1.37
3001,75,casual,1,0.45,9.69,9.99
3002,75,dormant,0,0.45,5.56,4.98
3003,75,dormant,1,0.45,1.97,0.0
3004,75,dormant,1,0.45,3.4,0.85
3005,75,casual,0,0.45,4.62,3.47
3006,75,dormant,1,0.45,0.0,0.04
3007,75,dormant,0,0.45,2.45,2.56
3008,75,dormant,0,0.45,3.69,1.65
3009,75,dormant,0,0.45,0.06,5.77
3010,75,dormant,0,0.45,0.0,2.43
3011,75,casual,0,0.45,4.17,2.98
3012,75,power,0,0.45,16.0,17.99
3013,75,casual,1,0.45,5.35,1.32
3014,75,casual,0,0.45,3.62,2.68
3015,75,power,1,0.45,19.46,22.1
3016,75,casual,0,0.45,7.09,7.96
3017,75,dormant,1,0.45,2.26,1.45
3018,75,casual,0,0.45,3.64,3.25
3019,75,casual,0,0.45,0.96,2.84
3020,75,casual,1,0.45,2.15,4.66
3021,75,power,0,0.45,17.4,18.14
3022,75,casual,1,0.45,4.4,7.82
3023,75,casual,0,0.45,4.17,3.66
3024,75,casual,0,0.45,2.71,4.77
3025,75,casual,0,0.45,9.72,7.85
3026,75,casual,0,0.45,0.0,0.0
3027,75,dormant,0,0.45,1.35,2.81
3028,75,dormant,0,0.45,3.15,1.45
3029,75,dormant,1,0.45,0.0,0.0
3030,75,casual,0,0.45,5.53,8.34
3031,75,dormant,1,0.45,0.65,0.47
3032,75,casual,1,0.45,0.0,2.04
3033,75,dormant,1,0.45,2.19,0.0
3034,75,casual,0,0.45,4.18,6.03
3035,75,power,1,0.45,16.82,21.51
3036,75,casual,1,0.45,8.89,7.19
3037,75,dormant,1,0.45,0.85,1.76
3038,75,dormant,1,0.45,0.31,0.0
3039,75,dormant,1,0.45,0.0,0.0
3040,76,casual,0,0.6,2.23,2.7
3041,76,casual,0,0.6,6.24,8.13
3042,76,dormant,1,0.6,1.83,1.72
3043,76,power,1,0.6,10.04,11.86
3044,76,casual,0,0.6,4.57,3.21
3045,76,casual,0,0.6,5.61,7.63
3046,76,casual,1,0.6,3.01,4.03
3047,76,casual,0,0.6,4.96,6.32
3048,76,dormant,0,0.6,3.15,0.0
3049,76,power,1,0.6,16.84,19.98
3050,76,power,1,0.6,11.41,19.47
3051,76,casual,0,0.6,4.59,4.37
3052,76,dormant,0,0.6,2.54,4.7
3053,76,dormant,1,0.6,0.0,0.0
3054,76,dormant,1,0.6,0.0,0.0
3055,76,dormant,1,0.6,3.72,1.45
3056,76,casual,0,0.6,4.14,0.28
3057,76,casual,1,0.6,8.12,7.21
3058,76,casual,1,0.6,3.6,7.87
3059,76,casual,0,0.6,8.26,6.39
3060,76,dormant,1,0.6,2.18,0.0
3061,76,power,1,0.6,13.06,14.45
3062,76,dormant,0,0.6,0.0,3.66
3063,76,casual,1,0.6,6.37,7.07
3064,76,power,1,0.6,21.08,20.84
3065,76,power,0,0.6,18.48,15.02
3066,76,casual,1,0.6,8.05,9.25
3067,76,dormant,1,0.6,2.3,0.46
3068,76,dormant,0,0.6,0.0,3.34
3069,76,power,1,0.6,4.14,4.26
3070,76,casual,1,0.6,2.68,6.59
3071,76,casual,1,0.6,6.11,9.05
3072,76,dormant,0,0.6,0.0,3.33
3073,76,power,1,0.6,15.06,15.2
3074,76,dormant,0,0.6,1.46,1.65
3075,76,dormant,1,0.6,0.0,2.97
3076,76,dormant,1,0.6,1.45,1.2
3077,76,power,1,0.6,17.54,20.91
3078,76,dormant,1,0.6,0.0,0.0
3079,76,casual,0,0.6,0.88,0.61
3080,77,dormant,1,0.425,2.6,0.0
3081,77,dormant,0,0.425,0.67,1.56
3082,77,casual,0,0.425,12.34,10.86
3083,77,casual,0,0.425,3.75,7.98
3084,77,casual,0,0.425,7.47,6.04
3085,77,casual,1,0.425,3.42,2.9
3086,77,dormant,0,0.425,1.05,1.17
3087,77,casual,1,0.425,7.13,4.78
3088,77,casual,0,0.425,8.02,7.95
3089,77,casual,0,0.425,3.49,5.23
3090,77,casual,0,0.425,6.42,6.94
3091,77,dormant,0,0.425,2.21,0.25
3092,77,casual,0,0.425,5.7,7.61
3093,77,casual,1,0.425,3.75,3.3
3094,77,casual,1,0.425,11.19,11.52
3095,77,casual,1,0.425,0.0,7.6
3096,77,dormant,0,0.425,1.09,2.38
3097,77,casual,1,0.425,3.23,2.71
3098,77,casual,0,0.425,1.91,4.36
3099,77,dormant,0,0.425,1.6,0.36
3100,77,casual,0,0.425,3.05,4.84
3101,77,power,0,0.425,6.21,10.62
3102,77,casual,1,0.425,6.6,9.12
3103,77,dormant,0,0.425,0.73,1.31
3104,77,dormant,1,0.425,4.46,0.13
3105,77,dormant,0,0.425,0.0,1.8
3106,77,dormant,0,0.425,4.63,4.83
3107,77,dormant,0,0.425,1.67,1.56
3108,77,casual,1,0.425,4.03,1.67
3109,77,casual,0,0.425,1.5,0.85
3110,77,dormant,0,0.425,1.22,1.06
3111,77,casual,1,0.425,2.86,3.08
3112,77,casual,1,0.425,7.79,9.11
3113,77,casual,1,0.425,6.57,4.6
3114,77,power,1,0.425,18.32,22.68
3115,77,dormant,0,0.425,0.67,0.19
3116,77,power,1,0.425,19.84,20.71
3117,77,casual,1,0.425,6.47,3.5
3118,77,dormant,0,0.425,0.0,0.8
3119,77,power,1,0.425,10.07,12.58
3120,78,casual,0,0.6,5.11,2.41
3121,78,dormant,1,0.6,0.0,1.28
3122,78,casual,1,0.6,7.92,9.62
3123,78,dormant,1,0.6,2.63,0.0
3124,78,casual,0,0.6,2.33,1.19
3125,78,dormant,1,0.6,0.37,1.13
3126,78,casual,0,0.6,0.36,3.64
3127,78,casual,1,0.6,6.18,6.39
3128,78,casual,1,0.6,6.38,3.28
3129,78,dormant,1,0.6,0.0,5.99
3130,78,casual,0,0.6,2.98,3.71
3131,78,dormant,1,0.6,3.58,0.5
3132,78,casual,1,0.6,4.46,2.91
3133,78,casual,1,0.6,3.89,7.51
3134,78,casual,1,0.6,3.81,6.18
3135,78,dormant,1,0.6,3.69,0.85
3136,78,casual,1,0.6,8.91,7.28
3137,78,casual,1,0.6,1.11,7.92
3138,78,casual,1,0.6,3.58,2.33
3139,78,casual,0,0.6,5.99,7.15
3140,78,power,0,0.6,19.83,22.09
3141,78,dormant,1,0.6,1.42,1.86
3142,78,casual,0,0.6,7.05,7.12
3143,78,casual,1,0.6,5.96,9.42
3144,78,power,0,0.6,7.94,10.04
3145,78,casual,1,0.6,9.1,11.72
3146,78,dormant,1,0.6,0.16,0.0
3147,78,casual,1,0.6,2.06,6.85
3148,78,casual,0,0.6,3.88,2.92
3149,78,power,1,0.6,14.24,19.53
3150,78,casual,0,0.6,6.21,6.65
3151,78,dormant,0,0.6,2.58,2.32
3152,78,casual,0,0.6,6.19,2.38
3153,78,power,0,0.6,15.34,15.7
3154,78,casual,1,0.6,9.66,10.13
3155,78,casual,0,0.6,8.3,8.1
3156,78,power,1,0.6,15.59,16.29
3157,78,casual,0,0.6,6.93,4.45
3158,78,casual,0,0.6,4.45,4.08
3159,78,power,1,0.6,0.0,7.36
3160,79,dormant,0,0.375,2.01,2.74
3161,79,dormant,0,0.375,1.9,3.11
3162,79,casual,1,0.375,2.41,3.38
3163,79,dormant,1,0.375,5.1,2.38
3164,79,casual,0,0.375,2.15,0.0
3165,79,casual,1,0.375,3.43,5.38
3166,79,casual,1,0.375,2.95,6.28
3167,79,power,0,0.375,19.57,17.57
3168,79,dormant,0,0.375,0.07,2.48
3169,79,dormant,1,0.375,1.14,2.46
3170,79,casual,1,0.375,5.24,4.24
3171,79,casual,0,0.375,6.52,6.37
3172,79,casual,0,0.375,0.57,3.12
3173,79,casual,0,0.375,11.63,9.62
3174,79,casual,0,0.375,9.12,9.83
3175,79,power,0,0.375,6.43,4.26
3176,79,casual,1,0.375,4.87,6.73
3177,79,casual,0,0.375,3.99,4.41
3178,79,casual,1,0.375,6.27,7.94
3179,79,casual,0,0.375,8.32,4.35
3180,79,dormant,0,0.375,0.34,2.74
3181,79,casual,0,0.375,5.36,4.77
3182,79,casual,0,0.375,9.09,6.81
3183,79,dormant,1,0.375,0.0,1.25
3184,79,casual,1,0.375,2.52,0.41
3185,79,casual,1,0.375,6.41,8.06
3186,79,casual,0,0.375,7.72,8.99
3187,79,power,0,0.375,18.33,17.24
3188,79,casual,0,0.375,3.41,3.18
3189,79,casual,0,0.375,3.56,2.53
3190,79,casual,0,0.375,5.27,3.62
3191,79,dormant,0,0.375,0.0,0.23
3192,79,power,0,0.375,14.69,14.26
3193,79,power,0,0.375,12.8,16.73
3194,79,casual,1,0.375,7.25,6.91
3195,79,power,1,0.375,12.17,16.47
3196,79,dormant,0,0.375,3.15,3.25
3197,79,casual,1,0.375,6.49,9.24
3198,79,casual,1,0.375,3.88,2.16
3199,79,casual,0,0.375,0.88,0.13
3200,80,power,0,0.45,17.96,16.4
3201,80,dormant,1,0.45,1.01,1.09
3202,80,casual,0,0.45,6.64,10.49
3203,80,casual,0,0.45,6.14,6.39
3204,80,casual,1,0.45,5.96,8.1
3205,80,casual,0,0.45,3.99,5.79
3206,80,casual,0,0.45,9.62,7.97
3207,80,dormant,0,0.45,0.0,1.57
3208,80,casual,1,0.45,5.29,8.15
3209,80,casual,0,0.45,2.52,3.02
3210,80,power,1,0.45,17.68,21.74
3211,80,casual,1,0.45,8.92,6.51
3212,80,casual,1,0.45,4.88,5.94
3213,80,casual,0,0.45,3.27,0.37
3214,80,power,1,0.45,9.38,13.6
3215,80,casual,0,0.45,6.01,7.5
3216,80,casual,0,0.45,6.23,8.17
3217,80,casual,0,0.45,5.55,2.74
3218,80,casual,1,0.45,8.7,8.72
3219,80,casual,0,0.45,4.55,5.35
3220,80,power,0,0.45,10.08,9.26
3221,80,dormant,0,0.45,1.3,0.0
3222,80,dormant,1,0.45,0.0,1.94
3223,80,power,0,0.45,10.74,12.59
3224,80,casual,0,0.45,2.35,5.67
3225,80,power,0,0.45,20.61,20.65
3226,80,casual,0,0.45,6.09,3.99
3227,80,casual,1,0.45,6.92,5.56
3228,80,casual,1,0.45,6.59,6.68
3229,80,casual,0,0.45,2.94,4.7
3230,80,dormant,1,0.45,3.58,3.72
3231,80,dormant,1,0.45,0.0,0.0
3232,80,casual,1,0.45,3.9,7.75
3233,80,dormant,0,0.45,0.0,3.71
3234,80,casual,1,0.45,5.08,5.43
3235,80,casual,1,0.45,10.58,9.15
3236,80,casual,0,0.45,0.0,2.22
3237,80,dormant,0,0.45,0.0,2.23
3238,80,casual,1,0.45,3.87,7.62
3239,80,dormant,1,0.45,0.0,0.0
3240,81,dormant,1,0.425,2.46,2.41
3241,81,casual,0,0.425,7.58,4.9
3242,81,dormant,1,0.425,2.09,3.84
3243,81,power,0,0.425,17.03,16.29
3244,81,casual,0,0.425,0.0,3.43
3245,81,dormant,1,0.425,2.65,0.0
3246,81,casual,0,0.425,4.66,6.44
3247,81,power,1,0.425,9.34,12.32
3248,81,casual,0,0.425,9.22,11.27
3249,81,casual,0,0.425,6.37,3.32
3250,81,dormant,1,0.425,0.0,0.0
3251,81,casual,1,0.425,1.51,2.76
3252,81,casual,1,0.425,6.74,9.85
3253,81,casual,0,0.425,8.11,7.99
3254,81,dormant,0,0.425,0.31,1.85
3255,81,casual,1,0.425,6.29,6.08
3256,81,dormant,1,0.425,1.59,2.58
3257,81,casual,0,0.425,9.82,7.88
3258,81,casual,1,0.425,4.96,6.89
3259,81,casual,1,0.425,5.25,10.05
3260,81,casual,1,0.425,12.76,11.19
3261,81,power,0,0.425,24.67,24.22
3262,81,dormant,0,0.425,0.95,0.0
3263,81,casual,1,0.425,1.2,5.31
3264,81,casual,0,0.425,3.17,3.49
3265,81,casual,1,0.425,6.07,5.76
3266,81,casual,0,0.425,10.18,9.24
3267,81,casual,0,0.425,0.11,3.82
3268,81,casual,0,0.425,3.33,6.83
3269,81,casual,0,0.425,7.65,5.12
3270,81,power,0,0.425,13.33,17.85
3271,81,power,0,0.425,10.83,11.55
3272,81,casual,0,0.425,5.6,3.16
3273,81,power,1,0.425,12.06,15.62
3274,81,casual,0,0.425,6.79,8.3
3275,81,casual,0,0.425,2.6,5.73
3276,81,casual,0,0.425,0.0,0.0
3277,81,dormant,0,0.425,1.15,1.94
3278,81,dormant,1,0.425,1.01,6.75
3279,81,casual,1,0.425,5.12,4.02
3280,82,casual,0,0.35,6.5,9.44
3281,82,casual,0,0.35,4.58,6.46
3282,82,casual,0,0.35,11.48,10.4
3283,82,dormant,0,0.35,0.89,0.0
3284,82,dormant,1,0.35,0.63,2.55
3285,82,dormant,0,0.35,1.6,0.0
3286,82,dormant,0,0.35,1.83,1.34
3287,82,dormant,1,0.35,0.62,2.7
3288,82,casual,0,0.35,8.31,6.83
3289,82,dormant,1,0.35,0.73,0.39
3290,82,casual,0,0.35,10.29,11.77
3291,82,casual,1,0.35,1.35,1.71
3292,82,casual,0,0.35,0.0,0.0
3293,82,dormant,0,0.35,0.0,1.87
3294,82,power,0,0.35,14.18,11.33
3295,82,casual,0,0.35,5.01,7.94
3296,82,casual,1,0.35,5.25,4.56
3297,82,power,0,0.35,16.22,16.63
3298,82,power,0,0.35,13.23,16.06
3299,82,dormant,0,0.35,0.51,0.0
3300,82,casual,1,0.35,3.53,7.42
3301,82,dormant,1,0.35,0.0,0.0
3302,82,dormant,0,0.35,0.99,0.0
3303,82,casual,1,0.35,3.47,6.25
3304,82,power,0,0.35,18.5,18.82
3305,82,casual,0,0.35,6.83,8.46
3306,82,casual,1,0.35,0.4,2.5
3307,82,casual,0,0.35,0.0,4.87
3308,82,casual,0,0.35,7.96,4.94
3309,82,power,1,0.35,18.39,22.8
3310,82,casual,0,0.35,4.93,7.74
3311,82,dormant,0,0.35,1.64,3.15
3312,82,casual,0,0.35,4.02,6.14
3313,82,casual,1,0.35,5.41,6.38
3314,82,dormant,0,0.35,0.94,0.0
3315,82,casual,1,0.35,5.83,6.65
3316,82,casual,1,0.35,4.92,8.48
3317,82,dormant,0,0.35,2.07,1.51
3318,82,casual,0,0.35,3.08,2.73
3319,82,casual,1,0.35,7.03,6.36
3320,83,casual,1,0.475,5.69,6.89
3321,83,casual,0,0.475,7.98,7.12
3322,83,casual,1,0.475,10.66,9.57
3323,83,casual,0,0.475,2.68,1.58
3324,83,dormant,1,0.475,2.17,4.28
3325,83,dormant,1,0.475,0.0,1.97
3326,83,casual,1,0.475,6.01,3.24
3327,83,dormant,1,0.475,2.95,0.0
3328,83,casual,1,0.475,2.93,6.38
3329,83,casual,1,0.475,6.96,5.17
3330,83,casual,0,0.475,2.55,0.0
3331,83,dormant,1,0.475,0.0,0.0
3332,83,casual,0,0.475,5.11,7.4
3333,83,casual,0,0.475,8.27,8.54
3334,83,casual,1,0.475,0.0,1.47
3335,83,casual,1,0.475,6.7,6.97
3336,83,casual,1,0.475,9.73,9.69
3337,83,casual,0,0.475,8.24,6.37
3338,83,power,0,0.475,14.49,13.1
3339,83,casual,1,0.475,7.43,9.83
3340,83,casual,0,0.475,6.15,5.44
3341,83,dormant,0,0.475,0.95,0.61
3342,83,casual,0,0.475,3.66,3.34
3343,83,casual,1,0.475,8.27,5.32
3344,83,dormant,0,0.475,0.0,1.68
3345,83,power,0,0.475,15.65,16.62
3346,83,power,0,0.475,12.37,14.42
3347,83,casual,1,0.475,4.19,6.23
3348,83,casual,0,0.475,5.01,5.45
3349,83,dormant,0,0.475,4.5,4.32
3350,83,dormant,1,0.475,1.49,1.15
3351,83,casual,0,0.475,6.21,2.04
3352,83,casual,0,0.475,0.82,2.56
3353,83,dormant,0,0.475,0.0,1.24
3354,83,casual,1,0.475,7.74,8.4
3355,83,power,0,0.475,14.71,12.4
3356,83,dormant,1,0.475,0.17,0.0
3357,83,casual,1,0.475,8.66,10.49
3358,83,casual,0,0.475,0.87,6.81
3359,83,casual,0,0.475,4.47,5.79
3360,84,casual,1,0.675,2.76,6.7
3361,84,power,1,0.675,13.43,16.56
3362,84,casual,0,0.675,5.83,8.01
3363,84,dormant,1,0.675,1.23,0.0
3364,84,dormant,0,0.675,2.42,2.8
3365,84,casual,1,0.675,8.39,9.48
3366,84,casual,0,0.675,4.96,6.93
3367,84,casual,1,0.675,2.47,5.55
3368,84,casual,1,0.675,6.28,7.68
3369,84,casual,1,0.675,0.78,4.87
3370,84,casual,1,0.675,4.28,7.17
3371,84,power,0,0.675,10.87,12.86
3372,84,casual,0,0.675,0.68,6.01
3373,84,casual,1,0.675,7.91,6.75
3374,84,casual,1,0.675,5.99,5.97
3375,84,casual,1,0.675,1.91,1.05
3376,84,casual,0,0.675,2.64,5.41
3377,84,power,1,0.675,12.17,16.11
3378,84,casual,0,0.675,7.17,6.77
3379,84,power,1,0.675,17.81,19.7
3380,84,dormant,1,0.675,0.0,1.31
3381,84,casual,1,0.675,4.13,6.21
3382,84,power,1,0.675,8.48,8.12
3383,84,casual,1,0.675,1.65,2.88
3384,84,casual,1,0.675,2.15,3.99
3385,84,dormant,0,0.675,0.0,2.21
3386,84,casual,0,0.675,3.45,5.56
3387,84,power,1,0.675,12.16,14.18
3388,84,power,1,0.675,21.87,20.96
3389,84,casual,0,0.675,12.29,13.84
3390,84,casual,1,0.675,6.84,8.49
3391,84,dormant,1,0.675,3.15,1.02
3392,84,power,0,0.675,13.26,9.56
3393,84,dormant,1,0.675,0.0,0.93
3394,84,power,1,0.675,12.77,15.47
3395,84,casual,1,0.675,7.41,4.25
3396,84,casual,0,0.675,6.76,6.11
3397,84,casual,1,0.675,7.16,9.65
3398,84,casual,0,0.675,4.05,2.67
3399,84,casual,1,0.675,9.12,10.0
3400,85,dormant,0,0.6,1.31,5.57
3401,85,dormant,1,0.6,2.17,1.68
3402,85,dormant,0,0.6,0.0,2.28
3403,85,dormant,1,0.6,1.2,1.74
3404,85,casual,0,0.6,7.25,8.51
3405,85,casual,0,0.6,0.5,1.27
3406,85,power,0,0.6,8.86,8.24
3407,85,dormant,0,0.6,0.74,0.6
3408,85,casual,1,0.6,1.64,5.2
3409,85,power,1,0.6,11.07,13.39
3410,85,casual,0,0.6,4.09,8.09
3411,85,casual,1,0.6,3.43,7.61
3412,85,casual,1,0.6,7.67,6.52
3413,85,casual,1,0.6,4.58,6.15
3414,85,power,1,0.6,21.47,21.15
3415,85,casual,1,0.6,7.6,3.72
3416,85,dormant,0,0.6,1.93,1.07
3417,85,casual,1,0.6,3.31,4.98
3418,85,dormant,1,0.6,0.0,0.0
3419,85,casual,1,0.6,5.72,8.69
3420,85,casual,1,0.6,6.93,4.46
3421,85,casual,1,0.6,5.34,4.26
3422,85,casual,1,0.6,1.48,4.38
3423,85,dormant,1,0.6,2.13,2.26
3424,85,power,1,0.6,10.96,14.21
3425,85,power,0,0.6,19.6,17.89
3426,85,casual,0,0.6,6.38,6.76
3427,85,casual,1,0.6,3.61,7.02
3428,85,casual,1,0.6,3.24,4.79
3429,85,casual,0,0.6,1.89,4.01
3430,85,dormant,0,0.6,2.47,1.36
3431,85,casual,1,0.6,0.0,0.91
3432,85,dormant,1,0.6,1.03,0.42
3433,85,casual,1,0.6,4.89,9.12
3434,85,casual,0,0.6,9.99,10.3
3435,85,casual,1,0.6,2.65,4.96
3436,85,dormant,0,0.6,0.64,2.0
3437,85,power,0,0.6,23.15,21.83
3438,85,casual,0,0.6,9.04,9.18
3439,85,casual,1,0.6,6.16,3.55
3440,86,casual,1,0.5,8.2,5.24
3441,86,dormant,1,0.5,2.39,1.53
3442,86,casual,0,0.5,8.45,6.38
3443,86,casual,1,0.5,3.65,4.4
3444,86,casual,0,0.5,6.88,8.5
3445,86,casual,0,0.5,2.48,2.56
3446,86,casual,0,0.5,4.36,5.27
3447,86,dormant,1,0.5,2.13,0.0
3448,86,dormant,0,0.5,0.84,0.0
3449,86,casual,1,0.5,7.19,9.73
3450,86,dormant,0,0.5,0.32,1.81
3451,86,casual,0,0.5,6.2,7.53
3452,86,power,0,0.5,15.68,15.93
3453,86,power,0,0.5,12.23,11.08
3454,86,dormant,1,0.5,1.23,0.0
3455,86,casual,1,0.5,4.88,5.05
3456,86,dormant,0,0.5,0.52,1.52
3457,86,dormant,1,0.5,6.81,3.72
3458,86,dormant,0,0.5,0.82,3.05
3459,86,dormant,1,0.5,3.57,1.65
3460,86,dormant,0,0.5,1.19,0.17
3461,86,casual,1,0.5,6.87,8.57
3462,86,dormant,1,0.5,0.99,1.85
3463,86,casual,1,0.5,5.9,6.01
3464,86,dormant,1,0.5,2.46,1.23
3465,86,casual,0,0.5,3.41,6.02
3466,86,casual,0,0.5,3.42,10.08
3467,86,casual,1,0.5,6.34,5.64
3468,86,casual,0,0.5,9.65,6.04
3469,86,casual,1,0.5,6.6,7.4
3470,86,power,0,0.5,13.05,12.0
3471,86,dormant,0,0.5,0.0,1.32
3472,86,casual,1,0.5,5.13,4.46
3473,86,power,1,0.5,11.5,15.2
3474,86,casual,0,0.5,5.45,3.34
3475,86,casual,1,0.5,6.31,3.78
3476,86,casual,0,0.5,7.35,8.47
3477,86,casual,1,0.5,0.45,3.27
3478,86,casual,0,0.5,7.62,7.56
3479,86,casual,1,0.5,9.15,8.72
3480,87,casual,1,0.6,6.92,9.83
3481,87,dormant,1,0.6,0.95,2.13
3482,87,casual,1,0.6,5.52,3.89
3483,87,dormant,0,0.6,2.84,0.13
3484,87,casual,0,0.6,3.09,4.06
3485,87,casual,0,0.6,10.75,13.45
3486,87,power,1,0.6,17.3,18.06
3487,87,dormant,0,0.6,1.16,4.98
3488,87,power,1,0.6,4.72,9.96
3489,87,dormant,1,0.6,0.06,3.26
3490,87,dormant,0,0.6,0.81,4.61
3491,87,casual,0,0.6,8.28,7.28
3492,87,casual,0,0.6,10.6,10.38
3493,87,casual,1,0.6,4.7,4.72
3494,87,casual,0,0.6,7.03,3.83
3495,87,casual,1,0.6,0.0,0.0
3496,87,power,1,0.6,7.97,13.78
3497,87,power,1,0.6,12.85,16.41
3498,87,power,1,0.6,6.7,7.84
3499,87,casual,0,0.6,5.66,3.17
3500,87,dormant,1,0.6,0.0,0.0
3501,87,dormant,0,0.6,0.0,0.0
3502,87,casual,0,0.6,6.74,5.33
3503,87,power,0,0.6,16.01,15.01
3504,87,casual,1,0.6,5.91,7.75
3505,87,dormant,1,0.6,0.0,1.75
3506,87,casual,1,0.6,2.08,3.69
3507,87,casual,1,0.6,4.18,9.65
3508,87,casual,1,0.6,6.75,14.98
3509,87,dormant,0,0.6,2.29,0.3
3510,87,power,1,0.6,15.65,17.91
3511,87,casual,1,0.6,12.26,10.08
3512,87,casual,1,0.6,6.33,6.71
3513,87,casual,1,0.6,2.69,4.35
3514,87,casual,1,0.6,9.96,11.01
3515,87,casual,0,0.6,5.32,7.37
3516,87,casual,1,0.6,6.87,9.43
3517,87,casual,0,0.6,1.72,2.97
3518,87,casual,1,0.6,9.51,10.14
3519,87,power,0,0.6,12.32,13.1
3520,88,casual,1,0.5,6.97,4.96
3521,88,casual,1,0.5,3.57,5.63
3522,88,power,0,0.5,14.91,15.11
3523,88,casual,1,0.5,9.44,8.7
3524,88,casual,0,0.5,4.61,5.73
3525,88,power,0,0.5,15.95,14.99
3526,88,casual,0,0.5,0.0,4.05
3527,88,casual,1,0.5,5.82,6.36
3528,88,casual,1,0.5,3.66,5.6
3529,88,casual,0,0.5,5.79,10.0
3530,88,power,1,0.5,11.77,18.14
3531,88,casual,0,0.5,10.26,10.18
3532,88,casual,1,0.5,2.96,0.78
3533,88,casual,0,0.5,2.49,5.39
3534,88,casual,1,0.5,4.2,2.38
3535,88,casual,1,0.5,10.37,10.27
3536,88,casual,1,0.5,9.74,12.09
3537,88,casual,0,0.5,6.69,1.77
3538,88,dormant,1,0.5,4.02,3.94
3539,88,power,1,0.5,20.34,21.62
3540,88,casual,0,0.5,0.02,2.24
3541,88,casual,1,0.5,3.44,3.97
3542,88,dormant,0,0.5,1.75,2.56
3543,88,casual,0,0.5,5.42,1.98
3544,88,casual,1,0.5,4.96,1.23
3545,88,casual,0,0.5,5.49,8.23
3546,88,dormant,0,0.5,0.9,1.65
3547,88,casual,0,0.5,8.57,6.44
3548,88,dormant,0,0.5,2.23,4.9
3549,88,casual,0,0.5,3.12,7.37
3550,88,power,0,0.5,7.65,8.19
3551,88,casual,1,0.5,1.8,4.69
3552,88,casual,1,0.5,4.54,6.05
3553,88,casual,0,0.5,9.07,7.93
3554,88,casual,1,0.5,6.19,11.27
3555,88,power,1,0.5,20.98,22.88
3556,88,casual,1,0.5,8.72,10.88
3557,88,casual,0,0.5,4.55,6.54
3558,88,casual,0,0.5,4.26,8.22
3559,88,casual,1,0.5,7.65,6.98
3560,89,casual,1,0.45,5.04,4.3
3561,89,casual,0,0.45,5.5,6.0
3562,89,casual,1,0.45,7.23,9.63
3563,89,dormant,0,0.45,0.43,4.53
3564,89,dormant,0,0.45,2.02,0.0
3565,89,dormant,1,0.45,1.98,2.49
3566,89,casual,0,0.45,3.24,7.59
3567,89,casual,0,0.45,3.28,4.23
3568,89,casual,1,0.45,5.54,7.57
3569,89,dormant,1,0.45,0.0,0.0
3570,89,casual,1,0.45,6.09,6.29
3571,89,casual,1,0.45,3.54,3.41
3572,89,casual,0,0.45,5.63,6.04
3573,89,dormant,1,0.45,2.85,3.66
3574,89,casual,1,0.45,4.23,7.51
3575,89,dormant,0,0.45,0.94,0.0
3576,89,dormant,0,0.45,2.73,0.6
3577,89,dormant,0,0.45,0.0,0.0
3578,89,casual,0,0.45,5.1,8.53
3579,89,casual,0,0.45,10.38,5.47
3580,89,dormant,1,0.45,1.15,0.3
3581,89,casual,0,0.45,2.95,4.51
3582,89,casual,0,0.45,7.0,5.57
3583,89,casual,0,0.45,2.46,1.34
3584,89,casual,1,0.45,5.37,9.48
3585,89,casual,0,0.45,6.11,4.9
3586,89,dormant,0,0.45,2.99,1.09
3587,89,dormant,0,0.45,0.31,0.6
3588,89,casual,0,0.45,4.62,3.88
3589,89,casual,0,0.45,12.24,9.7
3590,89,casual,0,0.45,5.16,7.61
3591,89,casual,1,0.45,9.79,10.6
3592,89,casual,1,0.45,7.27,7.56
3593,89,casual,1,0.45,5.02,4.1
3594,89,dormant,0,0.45,0.64,0.49
3595,89,casual,1,0.45,5.29,5.42
3596,89,casual,0,0.45,4.47,6.26
3597,89,dormant,1,0.45,2.37,1.6
3598,89,power,1,0.45,6.67,11.34
3599,89,power,1,0.45,19.21,22.1
3600,90,casual,1,0.6,0.0,0.63
3601,90,casual,0,0.6,8.31,8.15
3602,90,dormant,1,0.6,0.97,2.76
3603,90,dormant,1,0.6,3.88,0.0
3604,90,casual,1,0.6,6.62,8.84
3605,90,dormant,1,0.6,0.0,1.16
3606,90,casual,0,0.6,3.69,4.45
3607,90,casual,1,0.6,7.83,5.2
3608,90,casual,0,0.6,3.87,3.88
3609,90,dormant,0,0.6,1.11,2.79
3610,90,power,1,0.6,17.19,22.35
3611,90,casual,0,0.6,6.41,3.66
3612,90,casual,0,0.6,0.33,2.06
3613,90,dormant,1,0.6,1.57,1.3
3614,90,dormant,1,0.6,1.02,0.93
3615,90,dormant,1,0.6,1.96,0.0
3616,90,power,0,0.6,15.73,19.24
3617,90,dormant,1,0.6,0.0,0.0
3618,90,casual,1,0.6,8.43,7.29
3619,90,casual,1,0.6,2.9,4.3
3620,90,dormant,0,0.6,3.97,4.59
3621,90,casual,1,0.6,7.03,10.14
3622,90,casual,1,0.6,4.33,2.42
3623,90,power,0,0.6,18.19,18.84
3624,90,power,0,0.6,10.96,10.6
3625,90,casual,0,0.6,1.68,3.81
3626,90,casual,1,0.6,10.04,9.59
3627,90,power,1,0.6,12.61,17.52
3628,90,dormant,0,0.6,1.19,0.0
3629,90,casual,1,0.6,5.79,3.76
3630,90,casual,1,0.6,10.08,8.13
3631,90,power,0,0.6,20.33,21.02
3632,90,dormant,1,0.6,0.0,1.7
3633,90,dormant,1,0.6,1.97,1.51
3634,90,casual,1,0.6,4.29,4.45
3635,90,dormant,1,0.6,3.65,1.94
3636,90,casual,0,0.6,0.86,5.6
3637,90,casual,1,0.6,8.79,8.29
3638,90,casual,0,0.6,2.89,2.67
3639,90,casual,0,0.6,3.3,2.07
3640,91,power,1,0.525,14.15,15.24
3641,91,dormant,0,0.525,4.99,0.32
3642,91,casual,0,0.525,2.9,8.24
3643,91,dormant,1,0.525,0.0,0.83
3644,91,casual,1,0.525,5.22,8.23
3645,91,casual,1,0.525,7.22,6.77
3646,91,casual,0,0.525,1.74,0.46
3647,91,casual,0,0.525,6.95,7.09
3648,91,dormant,0,0.525,3.23,3.81
3649,91,casual,1,0.525,4.69,7.69
3650,91,casual,1,0.525,4.87,6.41
3651,91,dormant,0,0.525,1.08,0.0
3652,91,casual,1,0.525,5.26,6.77
3653,91,power,1,0.525,15.05,16.08
3654,91,casual,0,0.525,4.6,5.63
3655,91,casual,1,0.525,4.57,5.95
3656,91,casual,0,0.525,0.0,0.87
3657,91,dormant,1,0.525,1.46,0.0
3658,91,power,1,0.525,15.71,16.57
3659,91,casual,1,0.525,8.99,7.94
3660,91,power,0,0.525,18.85,14.11
3661,91,casual,1,0.525,1.56,5.8
3662,91,power,0,0.525,19.47,18.77
3663,91,casual,0,0.525,0.67,1.11
3664,91,dormant,1,0.525,1.21,2.05
3665,91,power,0,0.525,12.78,15.61
3666,91,power,1,0.525,19.74,23.43
3667,91,dormant,0,0.525,2.29,0.0
3668,91,casual,0,0.525,4.48,4.88
3669,91,dormant,1,0.525,1.06,0.0
3670,91,casual,1,0.525,5.01,8.53
3671,91,casual,1,0.525,4.39,8.65
3672,91,casual,1,0.525,7.26,8.52
3673,91,power,0,0.525,15.73,17.75
3674,91,dormant,1,0.525,0.46,0.0
3675,91,casual,0,0.525,3.78,0.0
3676,91,casual,0,0.525,2.89,1.75
3677,91,casual,1,0.525,4.67,7.11
3678,91,casual,0,0.525,8.91,9.09
3679,91,casual,0,0.525,3.92,0.0
3680,92,dormant,1,0.55,2.21,0.92
3681,92,power,0,0.55,21.29,19.51
3682,92,dormant,1,0.55,0.0,2.39
3683,92,power,1,0.55,13.94,16.33
3684,92,casual,1,0.55,0.63,2.49
3685,92,casual,0,0.55,2.54,4.11
3686,92,casual,1,0.55,3.22,8.01
3687,92,dormant,0,0.55,0.49,0.13
3688,92,casual,0,0.55,3.34,4.18
3689,92,casual,0,0.55,5.91,5.87
3690,92,dormant,0,0.55,0.76,0.88
3691,92,dormant,1,0.55,2.23,2.48
3692,92,power,0,0.55,8.35,7.69
3693,92,casual,0,0.55,6.88,8.56
3694,92,power,1,0.55,22.09,22.13
3695,92,power,0,0.55,16.9,20.47
3696,92,dormant,1,0.55,0.0,2.44
3697,92,power,1,0.55,20.25,19.62
3698,92,dormant,0,0.55,0.88,2.57
3699,92,casual,1,0.55,4.81,1.78
3700,92,dormant,0,0.55,0.0,1.7
3701,92,casual,1,0.55,2.84,2.59
3702,92,casual,0,0.55,7.33,4.51
3703,92,casual,1,0.55,6.75,9.5
3704,92,casual,1,0.55,7.15,5.43
3705,92,casual,1,0.55,4.66,5.42
3706,92,dormant,0,0.55,0.89,0.0
3707,92,dormant,1,0.55,3.25,1.15
3708,92,power,1,0.55,14.02,15.62
3709,92,casual,1,0.55,4.01,7.28
3710,92,dormant,1,0.55,4.05,1.91
3711,92,dormant,0,0.55,0.06,2.79
3712,92,casual,0,0.55,5.42,3.95
3713,92,dormant,0,0.55,0.0,0.0
3714,92,power,0,0.55,16.44,15.27
3715,92,casual,1,0.55,8.74,10.7
3716,92,casual,1,0.55,4.4,3.7
3717,92,dormant,1,0.55,0.0,1.93
3718,92,casual,0,0.55,4.8,5.45
3719,92,casual,1,0.55,6.03,7.24
3720,93,casual,0,0.575,6.1,7.35
3721,93,casual,1,0.575,5.05,4.81
3722,93,casual,1,0.575,10.09,9.81
3723,93,power,1,0.575,19.58,20.3
3724,93,power,1,0.575,8.14,15.78
3725,93,casual,1,0.575,4.46,6.77
3726,93,casual,1,0.575,5.05,3.01
3727,93,casual,0,0.575,6.34,4.29
3728,93,casual,0,0.575,0.16,3.34
3729,93,casual,1,0.575,0.45,0.0
3730,93,power,1,0.575,17.03,19.23
3731,93,casual,0,0.575,1.01,6.31
3732,93,casual,0,0.575,4.31,4.56
3733,93,dormant,1,0.575,0.0,2.86
3734,93,casual,1,0.575,5.74,4.29
3735,93,dormant,0,0.575,1.52,0.0
3736,93,dormant,0,0.575,2.79,0.0
3737,93,dormant,0,0.575,2.83,0.75
3738,93,dormant,1,0.575,0.28,0.09
3739,93,dormant,1,0.575,3.64,5.21
3740,93,dormant,1,0.575,0.0,0.6
3741,93,casual,1,0.575,3.74,5.95
3742,93,dormant,0,0.575,0.0,3.28
3743,93,dormant,1,0.575,1.66,2.8
3744,93,casual,0,0.575,7.15,6.31
3745,93,power,1,0.575,17.03,17.64
3746,93,dormant,0,0.575,1.79,2.38
3747,93,casual,0,0.575,3.81,5.49
3748,93,dormant,1,0.575,2.93,3.21
3749,93,casual,0,0.575,5.84,6.74
3750,93,dormant,1,0.575,0.06,0.0
3751,93,casual,1,0.575,9.26,8.28
3752,93,power,0,0.575,16.64,15.56
3753,93,casual,1,0.575,6.05,11.89
3754,93,casual,1,0.575,4.62,3.78
3755,93,power,1,0.575,11.24,16.03
3756,93,casual,0,0.575,3.68,7.09
3757,93,dormant,0,0.575,0.0,1.93
3758,93,casual,0,0.575,2.25,4.49
3759,93,dormant,1,0.575,1.38,4.66
3760,94,casual,0,0.45,0.0,4.12
3761,94,casual,0,0.45,4.74,4.38
3762,94,dormant,1,0.45,0.0,1.12
3763,94,casual,0,0.45,5.74,6.03
3764,94,casual,1,0.45,5.0,7.78
3765,94,casual,0,0.45,5.28,5.42
3766,94,dormant,1,0.45,2.39,7.31
3767,94,casual,0,0.45,2.34,7.61
3768,94,casual,1,0.45,4.65,7.22
3769,94,power,0,0.45,16.48,14.07
3770,94,casual,0,0.45,5.22,5.42
3771,94,casual,1,0.45,5.13,8.99
3772,94,dormant,0,0.45,0.87,1.15
3773,94,dormant,0,0.45,4.25,0.05
3774,94,dormant,1,0.45,4.71,1.37
3775,94,casual,1,0.45,4.28,4.04
3776,94,casual,0,0.45,0.81,4.56
3777,94,casual,1,0.45,8.02,5.1
3778,94,casual,1,0.45,8.62,8.58
3779,94,dormant,0,0.45,1.54,1.58
3780,94,power,1,0.45,13.69,16.72
3781,94,dormant,0,0.45,4.88,4.48
3782,94,casual,0,0.45,3.71,5.64
3783,94,dormant,1,0.45,0.34,2.43
3784,94,casual,0,0.45,5.11,5.62
3785,94,casual,0,0.45,4.82,3.34
3786,94,power,1,0.45,24.78,23.06
3787,94,casual,0,0.45,6.58,5.2
3788,94,casual,0,0.45,10.47,10.02
3789,94,dormant,1,0.45,0.0,0.0
3790,94,dormant,0,0.45,0.0,0.0
3791,94,dormant,0,0.45,2.53,3.3
3792,94,dormant,0,0.45,5.16,1.69
3793,94,casual,0,0.45,9.38,7.3
3794,94,power,1,0.45,19.42,25.35
3795,94,casual,1,0.45,4.92,6.44
3796,94,casual,1,0.45,11.81,12.53
3797,94,dormant,0,0.45,2.87,2.62
3798,94,dormant,1,0.45,3.4,4.79
3799,94,dormant,1,0.45,0.0,2.5
3800,95,power,1,0.575,17.05,18.15
3801,95,casual,0,0.575,5.13,5.6
3802,95,casual,0,0.575,4.39,7.32
3803,95,casual,1,0.575,4.58,3.88
3804,95,dormant,1,0.575,1.94,2.81
3805,95,dormant,1,0.575,3.49,3.05
3806,95,dormant,1,0.575,1.95,0.0
3807,95,casual,1,0.575,3.19,2.51
3808,95,dormant,0,0.575,0.0,1.34
3809,95,power,0,0.575,15.75,13.71
3810,95,power,1,0.575,18.61,21.84
3811,95,dormant,1,0.575,0.38,0.0
3812,95,casual,1,0.575,7.66,5.52
3813,95,dormant,0,0.575,0.24,1.69
3814,95,dormant,1,0.575,5.88,4.24
3815,95,casual,1,0.575,6.94,6.94
3816,95,casual,0,0.575,5.71,4.86
3817,95,casual,0,0.575,7.61,5.03
3818,95,casual,0,0.575,1.39,2.89
3819,95,casual,0,0.575,0.0,0.59
3820,95,dormant,0,0.575,0.85,1.88
3821,95,casual,0,0.575,4.01,3.96
3822,95,dormant,0,0.575,3.68,4.07
3823,95,power,1,0.575,10.49,14.14
3824,95,power,1,0.575,20.21,22.12
3825,95,casual,1,0.575,4.78,6.53
3826,95,casual,0,0.575,8.29,9.75
3827,95,casual,1,0.575,8.89,9.58
3828,95,casual,0,0.575,2.84,6.22
3829,95,dormant,1,0.575,4.14,3.0
3830,95,casual,0,0.575,1.29,3.93
3831,95,casual,1,0.575,7.75,9.24
3832,95,casual,1,0.575,4.07,5.78
3833,95,casual,1,0.575,7.63,6.65
3834,95,casual,0,0.575,7.71,8.3
3835,95,casual,0,0.575,5.24,9.29
3836,95,casual,1,0.575,7.12,6.4
3837,95,casual,1,0.575,10.76,8.94
3838,95,power,1,0.575,11.95,12.31
3839,95,casual,1,0.575,3.49,2.2
3840,96,casual,1,0.675,8.22,12.33
3841,96,power,0,0.675,20.58,22.18
3842,96,dormant,0,0.675,3.62,0.0
3843,96,dormant,1,0.675,3.26,2.71
3844,96,casual,1,0.675,4.23,4.32
3845,96,power,1,0.675,13.78,17.38
3846,96,casual,0,0.675,5.83,3.23
3847,96,casual,0,0.675,3.88,7.55
3848,96,casual,1,0.675,6.15,6.14
3849,96,dormant,0,0.675,0.0,0.04
3850,96,dormant,1,0.675,5.62,5.85
3851,96,dormant,0,0.675,0.62,3.27
3852,96,dormant,1,0.675,1.01,4.08
3853,96,dormant,1,0.675,0.41,1.67
3854,96,power,1,0.675,18.29,22.6
3855,96,casual,0,0.675,6.14,6.64
3856,96,casual,1,0.675,4.82,7.44
3857,96,power,1,0.675,7.14,9.76
3858,96,power,1,0.675,15.29,17.99
3859,96,power,1,0.675,10.95,14.78
3860,96,casual,1,0.675,3.76,6.17
3861,96,power,1,0.675,9.48,14.45
3862,96,dormant,0,0.675,3.8,2.32
3863,96,dormant,1,0.675,0.0,0.14
3864,96,casual,1,0.675,1.66,5.9
3865,96,power,0,0.675,15.23,16.58
3866,96,power,1,0.675,21.63,20.92
3867,96,casual,1,0.675,10.19,9.01
3868,96,power,0,0.675,22.09,22.36
3869,96,casual,0,0.675,10.86,4.63
3870,96,casual,1,0.675,4.45,5.85
3871,96,casual,1,0.675,2.86,4.84
3872,96,dormant,1,0.675,0.0,1.04
3873,96,casual,1,0.675,4.75,8.19
3874,96,dormant,0,0.675,0.0,2.96
3875,96,casual,1,0.675,3.29,2.84
3876,96,casual,0,0.675,10.69,7.67
3877,96,dormant,1,0.675,0.57,0.15
3878,96,casual,1,0.675,9.54,13.06
3879,96,dormant,1,0.675,3.67,5.52
3880,97,casual,1,0.45,3.23,3.85
3881,97,casual,1,0.45,7.14,4.39
3882,97,casual,1,0.45,7.47,5.92
3883,97,casual,1,0.45,7.67,5.41
3884,97,casual,1,0.45,7.89,8.7
3885,97,casual,1,0.45,11.13,9.04
3886,97,casual,1,0.45,5.26,5.79
3887,97,dormant,1,0.45,1.86,2.95
3888,97,dormant,0,0.45,0.0,1.01
3889,97,dormant,0,0.45,1.29,0.0
3890,97,casual,1,0.45,6.94,5.67
3891,97,casual,0,0.45,8.24,4.85
3892,97,dormant,0,0.45,2.87,2.19
3893,97,dormant,0,0.45,1.17,2.62
3894,97,power,0,0.45,19.69,23.28
3895,97,casual,1,0.45,3.59,6.62
3896,97,casual,0,0.45,4.89,6.56
3897,97,power,0,0.45,13.9,15.87
3898,97,power,0,0.45,25.44,25.35
3899,97,dormant,1,0.45,2.86,2.64
3900,97,dormant,0,0.45,0.97,2.83
3901,97,casual,1,0.45,5.2,3.59
3902,97,dormant,0,0.45,3.78,3.56
3903,97,dormant,0,0.45,1.52,1.11
3904,97,dormant,0,0.45,5.82,0.0
3905,97,dormant,1,0.45,1.57,1.95
3906,97,dormant,0,0.45,1.32,4.21
3907,97,power,0,0.45,13.47,12.92
3908,97,dormant,0,0.45,1.3,0.0
3909,97,casual,1,0.45,4.85,5.69
3910,97,casual,0,0.45,3.99,7.01
3911,97,dormant,0,0.45,3.68,5.18
3912,97,dormant,1,0.45,0.0,2.86
3913,97,casual,0,0.45,9.43,8.82
3914,97,casual,0,0.45,5.49,10.14
3915,97,casual,1,0.45,9.78,9.79
3916,97,dormant,0,0.45,2.56,1.12
3917,97,casual,1,0.45,1.14,4.6
3918,97,casual,0,0.45,6.53,6.2
3919,97,dormant,1,0.45,2.9,1.53
3920,98,casual,1,0.45,6.52,8.72
3921,98,dormant,1,0.45,0.48,1.47
3922,98,casual,0,0.45,4.61,3.74
3923,98,casual,1,0.45,4.75,5.68
3924,98,casual,1,0.45,6.85,11.32
3925,98,casual,1,0.45,5.24,6.22
3926,98,dormant,1,0.45,1.74,3.15
3927,98,casual,1,0.45,7.26,5.42
3928,98,dormant,0,0.45,0.0,1.39
3929,98,casual,1,0.45,2.48,1.13
3930,98,dormant,0,0.45,1.78,0.6
3931,98,casual,1,0.45,7.05,7.52
3932,98,power,0,0.45,13.78,14.03
3933,98,casual,1,0.45,8.59,7.01
3934,98,casual,0,0.45,4.45,6.51
3935,98,dormant,1,0.45,0.0,3.02
3936,98,casual,1,0.45,2.11,5.52
3937,98,casual,0,0.45,9.33,10.21
3938,98,casual,0,0.45,6.83,4.97
3939,98,casual,0,0.45,10.03,9.69
3940,98,casual,0,0.45,3.84,1.72
3941,98,casual,0,0.45,4.15,7.71
3942,98,casual,0,0.45,9.1,6.31
3943,98,dormant,1,0.45,2.86,1.56
3944,98,power,0,0.45,16.97,15.98
3945,98,dormant,0,0.45,0.0,0.0
3946,98,dormant,0,0.45,0.0,2.16
3947,98,dormant,0,0.45,0.69,2.27
3948,98,casual,1,0.45,7.82,7.44
3949,98,dormant,0,0.45,0.0,0.0
3950,98,casual,1,0.45,9.26,9.1
3951,98,power,1,0.45,18.83,23.32
3952,98,casual,0,0.45,2.51,1.33
3953,98,power,0,0.45,16.26,20.11
3954,98,dormant,0,0.45,1.87,1.87
3955,98,casual,0,0.45,5.14,4.25
3956,98,casual,1,0.45,4.37,8.25
3957,98,dormant,0,0.45,1.0,1.59
3958,98,power,1,0.45,18.51,20.97
3959,98,casual,0,0.45,6.92,9.59
3960,99,dormant,0,0.45,0.0,1.2
3961,99,casual,0,0.45,2.05,2.96
3962,99,casual,1,0.45,9.38,10.93
3963,99,dormant,1,0.45,0.0,1.61
3964,99,casual,1,0.45,6.59,9.01
3965,99,dormant,1,0.45,1.82,2.55
3966,99,power,1,0.45,8.26,11.64
3967,99,dormant,0,0.45,3.45,0.36
3968,99,dormant,0,0.45,5.4,1.84
3969,99,casual,0,0.45,9.81,8.29
3970,99,casual,0,0.45,9.01,6.66
3971,99,casual,1,0.45,9.32,12.57
3972,99,casual,0,0.45,3.58,8.19
3973,99,casual,0,0.45,0.31,1.89
3974,99,dormant,0,0.45,2.53,0.98
3975,99,dormant,0,0.45,1.07,1.82
3976,99,dormant,1,0.45,0.0,3.26
3977,99,casual,1,0.45,0.0,0.0
3978,99,dormant,0,0.45,2.08,1.71
3979,99,casual,1,0.45,9.32,11.14
3980,99,dormant,1,0.45,0.0,2.87
3981,99,casual,0,0.45,7.64,7.83
3982,99,casual,0,0.45,3.65,0.52
3983,99,casual,1,0.45,5.71,6.4
3984,99,casual,1,0.45,0.64,5.42
3985,99,casual,1,0.45,3.16,0.89
3986,99,dormant,0,0.45,0.44,1.19
3987,99,dormant,0,0.45,4.25,2.19
3988,99,casual,0,0.45,5.04,4.82
3989,99,dormant,1,0.45,1.11,0.31
3990,99,casual,0,0.45,11.58,6.48
3991,99,casual,1,0.45,3.08,0.75
3992,99,casual,1,0.45,3.58,3.94
3993,99,dormant,0,0.45,1.45,0.57
3994,99,power,0,0.45,15.85,17.52
3995,99,casual,0,0.45,5.95,6.91
3996,99,casual,0,0.45,7.79,9.79
3997,99,dormant,1,0.45,2.55,0.87
3998,99,casual,1,0.45,8.12,10.22
3999,99,casual,0,0.45,7.73,5.6
4000,100,casual,1,0.475,7.21,7.93
4001,100,dormant,0,0.475,1.05,0.75
4002,100,dormant,1,0.475,0.42,1.73
4003,100,casual,1,0.475,4.47,6.05
4004,100,casual,1,0.475,4.54,4.02
4005,100,casual,0,0.475,6.98,7.71
4006,100,dormant,0,0.475,0.33,3.39
4007,100,dormant,0,0.475,0.3,1.06
4008,100,casual,1,0.475,6.36,7.58
4009,100,dormant,1,0.475,1.03,0.0
4010,100,casual,0,0.475,3.75,4.0
4011,100,dormant,1,0.475,1.24,0.0
4012,100,casual,0,0.475,5.8,4.94
4013,100,casual,1,0.475,4.31,5.2
4014,100,casual,1,0.475,2.93,1.26
4015,100,casual,0,0.475,7.15,7.84
4016,100,casual,0,0.475,7.22,4.84
4017,100,dormant,0,0.475,3.24,3.27
4018,100,casual,1,0.475,1.51,4.66
4019,100,power,0,0.475,16.36,19.03
4020,100,dormant,0,0.475,1.29,2.25
4021,100,dormant,0,0.475,0.0,2.76
4022,100,casual,0,0.475,6.46,6.01
4023,100,dormant,1,0.475,0.97,0.0
4024,100,casual,1,0.475,4.59,6.58
4025,100,casual,0,0.475,9.52,6.41
4026,100,casual,0,0.475,3.27,4.47
4027,100,casual,1,0.475,3.86,7.64
4028,100,casual,0,0.475,6.74,6.95
4029,100,casual,1,0.475,3.12,2.35
4030,100,power,0,0.475,18.41,21.46
4031,100,dormant,1,0.475,1.14,1.57
4032,100,casual,1,0.475,5.41,5.77
4033,100,casual,0,0.475,4.96,4.94
4034,100,power,1,0.475,25.66,28.94
4035,100,casual,1,0.475,4.17,6.37
4036,100,dormant,0,0.475,1.6,1.52
4037,100,casual,0,0.475,10.21,8.89
4038,100,power,0,0.475,17.89,23.16
4039,100,casual,1,0.475,7.09,10.18
4040,101,casual,1,0.525,4.95,5.86
4041,101,dormant,1,0.525,0.0,1.66
4042,101,dormant,1,0.525,0.0,0.72
4043,101,casual,0,0.525,4.45,4.56
4044,101,casual,0,0.525,4.22,5.25
4045,101,casual,1,0.525,11.25,11.01
4046,101,casual,1,0.525,3.08,6.11
4047,101,dormant,1,0.525,0.07,2.25
4048,101,casual,1,0.525,8.35,8.78
4049,101,casual,1,0.525,2.51,3.88
4050,101,casual,0,0.525,3.44,4.27
4051,101,casual,1,0.525,0.93,2.03
4052,101,casual,0,0.525,6.38,6.0
4053,101,casual,0,0.525,1.41,6.56
4054,101,dormant,0,0.525,0.0,0.0
4055,101,casual,1,0.525,6.5,8.57
4056,101,casual,0,0.525,7.34,7.35
4057,101,casual,1,0.525,5.7,7.63
4058,101,casual,1,0.525,7.54,10.36
4059,101,dormant,0,0.525,1.11,1.73
4060,101,casual,1,0.525,2.41,1.25
4061,101,power,1,0.525,7.56,14.48
4062,101,dormant,1,0.525,2.18,2.64
4063,101,dormant,0,0.525,0.11,1.96
4064,101,casual,1,0.525,0.29,4.19
4065,101,casual,1,0.525,0.82,3.73
4066,101,dormant,0,0.525,1.0,2.88
4067,101,casual,1,0.525,9.09,8.38
4068,101,dormant,0,0.525,1.74,1.49
4069,101,casual,0,0.525,5.36,6.66
4070,101,dormant,1,0.525,0.79,3.82
4071,101,casual,0,0.525,2.47,1.88
4072,101,casual,0,0.525,9.02,9.59
4073,101,casual,0,0.525,7.67,4.73
4074,101,casual,0,0.525,4.76,5.34
4075,101,dormant,0,0.525,0.0,2.47
4076,101,casual,0,0.525,7.32,6.69
4077,101,casual,1,0.525,11.3,10.94
4078,101,dormant,1,0.525,2.5,0.0
4079,101,power,0,0.525,15.01,16.36
4080,102,dormant,0,0.375,0.0,1.58
4081,102,casual,0,0.375,7.07,7.78
4082,102,casual,0,0.375,7.13,9.57
4083,102,casual,0,0.375,4.83,5.61
4084,102,casual,0,0.375,3.86,6.69
4085,102,power,0,0.375,14.11,15.76
4086,102,dormant,0,0.375,1.9,2.12
4087,102,dormant,1,0.375,0.0,0.0
4088,102,power,0,0.375,14.09,11.79
4089,102,casual,0,0.375,9.54,9.19
4090,102,dormant,1,0.375,1.04,2.3
4091,102,dormant,1,0.375,0.0,4.98
4092,102,dormant,1,0.375,3.62,0.17
4093,102,dormant,1,0.375,0.0,0.0
4094,102,dormant,0,0.375,0.0,4.41
4095,102,casual,0,0.375,11.66,8.48
4096,102,casual,0,0.375,7.93,8.22
4097,102,casual,1,0.375,6.99,7.3
4098,102,casual,0,0.375,2.68,5.06
4099,102,casual,0,0.375,4.77,2.0
4100,102,casual,1,0.375,2.58,2.46
4101,102,dormant,0,0.375,3.11,2.24
4102,102,casual,0,0.375,3.28,2.61
4103,102,dormant,0,0.375,3.43,3.53
4104,102,power,0,0.375,15.78,18.08
4105,102,power,1,0.375,13.01,14.08
4106,102,casual,1,0.375,3.18,5.37
4107,102,casual,0,0.375,7.86,11.77
4108,102,power,1,0.375,18.96,15.58
4109,102,dormant,0,0.375,0.34,0.0
4110,102,power,1,0.375,20.46,25.22
4111,102,dormant,1,0.375,0.0,1.22
4112,102,dormant,1,0.375,0.0,1.91
4113,102,casual,0,0.375,6.93,8.41
4114,102,power,0,0.375,11.49,12.69
4115,102,casual,0,0.375,10.26,6.23
4116,102,casual,1,0.375,3.64,3.84
4117,102,dormant,0,0.375,0.0,2.39
4118,102,dormant,0,0.375,4.12,0.0
4119,102,dormant,1,0.375,1.56,1.13
4120,103,power,1,0.6,16.55,22.53
4121,103,casual,0,0.6,6.84,7.76
4122,103,power,1,0.6,15.96,20.01
4123,103,dormant,0,0.6,2.56,1.48
4124,103,casual,1,0.6,4.77,5.91
4125,103,casual,1,0.6,3.32,3.6
4126,103,power,0,0.6,12.8,12.15
4127,103,power,1,0.6,9.65,16.26
4128,103,casual,1,0.6,4.01,3.52
4129,103,power,0,0.6,16.06,18.53
4130,103,casual,1,0.6,6.26,6.34
4131,103,dormant,0,0.6,0.38,1.76
4132,103,dormant,0,0.6,1.98,2.52
4133,103,dormant,0,0.6,0.0,2.3
4134,103,casual,1,0.6,3.43,6.25
4135,103,casual,1,0.6,0.91,3.23
4136,103,casual,1,0.6,5.12,5.16
4137,103,casual,1,0.6,1.84,5.94
4138,103,dormant,0,0.6,0.58,1.5
4139,103,dormant,0,0.6,1.49,0.69
4140,103,casual,1,0.6,6.63,4.14
4141,103,casual,1,0.6,9.27,9.1
4142,103,casual,1,0.6,2.57,6.69
4143,103,power,1,0.6,17.02,17.64
4144,103,casual,1,0.6,5.31,8.08
4145,103,casual,0,0.6,7.79,7.81
4146,103,dormant,1,0.6,2.85,0.0
4147,103,dormant,0,0.6,4.42,4.96
4148,103,casual,1,0.6,7.5,7.06
4149,103,casual,0,0.6,11.27,11.63
4150,103,power,0,0.6,22.11,24.67
4151,103,casual,0,0.6,4.52,4.1
4152,103,casual,0,0.6,10.62,7.25
4153,103,dormant,1,0.6,2.58,3.34
4154,103,dormant,1,0.6,3.82,3.61
4155,103,power,1,0.6,3.66,6.57
4156,103,casual,1,0.6,2.76,7.44
4157,103,casual,1,0.6,12.81,13.24
4158,103,dormant,1,0.6,0.73,2.42
4159,103,dormant,0,0.6,3.86,1.78
4160,104,power,0,0.575,13.47,13.94
4161,104,casual,1,0.575,2.19,4.71
4162,104,dormant,1,0.575,0.0,0.7
4163,104,dormant,1,0.575,1.09,1.59
4164,104,casual,1,0.575,2.88,6.72
4165,104,casual,0,0.575,4.39,6.2
4166,104,dormant,1,0.575,4.44,1.66
4167,104,casual,1,0.575,4.78,6.52
4168,104,dormant,0,0.575,0.0,0.19
4169,104,casual,1,0.575,5.84,7.04
4170,104,casual,0,0.575,2.92,3.43
4171,104,casual,1,0.575,6.54,6.26
4172,104,dormant,1,0.575,0.44,2.5
4173,104,dormant,1,0.575,0.27,0.0
4174,104,casual,0,0.575,6.31,8.39
4175,104,casual,0,0.575,3.75,3.52
4176,104,power,0,0.575,14.45,13.62
4177,104,power,1,0.575,7.0,7.35
4178,104,casual,0,0.575,4.85,9.9
4179,104,dormant,1,0.575,1.41,0.0
4180,104,casual,1,0.575,4.83,5.95
4181,104,power,1,0.575,18.4,23.47
4182,104,casual,1,0.575,5.81,7.04
4183,104,casual,1,0.575,5.11,7.78
4184,104,dormant,0,0.575,0.0,2.1
4185,104,power,1,0.575,13.92,17.4
4186,104,casual,0,0.575,7.41,4.33
4187,104,power,0,0.575,12.66,13.05
4188,104,casual,0,0.575,5.22,4.25
4189,104,casual,0,0.575,4.93,5.2
4190,104,casual,0,0.575,8.55,7.79
4191,104,dormant,1,0.575,0.54,0.0
4192,104,dormant,1,0.575,1.03,1.77
4193,104,dormant,0,0.575,0.41,1.35
4194,104,casual,0,0.575,6.93,8.29
4195,104,casual,1,0.575,7.12,4.78
4196,104,dormant,1,0.575,3.26,0.0
4197,104,dormant,0,0.575,3.86,3.32
4198,104,casual,1,0.575,3.65,4.0
4199,104,casual,1,0.575,5.35,9.35
4200,105,casual,0,0.475,4.73,7.8
4201,105,casual,0,0.475,7.25,10.56
4202,105,power,0,0.475,22.27,27.09
4203,105,power,0,0.475,17.18,16.13
4204,105,casual,0,0.475,3.47,4.55
4205,105,power,0,0.475,23.17,26.7
4206,105,casual,0,0.475,5.81,7.22
4207,105,power,0,0.475,19.14,20.73
4208,105,casual,1,0.475,9.76,10.89
4209,105,casual,1,0.475,1.93,3.23
4210,105,casual,0,0.475,4.77,4.61
4211,105,power,1,0.475,16.7,18.1
4212,105,casual,0,0.475,3.22,5.09
4213,105,casual,1,0.475,5.75,6.47
4214,105,casual,1,0.475,6.32,10.65
4215,105,power,0,0.475,10.02,8.16
4216,105,casual,1,0.475,6.52,6.44
4217,105,casual,1,0.475,6.06,5.95
4218,105,power,1,0.475,8.28,12.07
4219,105,casual,0,0.475,10.35,8.81
4220,105,casual,1,0.475,7.31,7.91
4221,105,dormant,1,0.475,1.63,3.91
4222,105,dormant,1,0.475,6.26,1.27
4223,105,dormant,1,0.475,2.4,3.21
4224,105,dormant,0,0.475,3.05,0.0
4225,105,casual,0,0.475,2.94,2.63
4226,105,casual,0,0.475,8.13,7.3
4227,105,casual,1,0.475,3.45,3.17
4228,105,dormant,1,0.475,0.0,1.32
4229,105,casual,1,0.475,5.27,6.6
4230,105,casual,0,0.475,0.0,2.18
4231,105,casual,1,0.475,9.03,10.71
4232,105,dormant,0,0.475,0.0,0.1
4233,105,dormant,1,0.475,0.0,0.0
4234,105,dormant,0,0.475,0.0,0.0
4235,105,casual,1,0.475,5.11,4.2
4236,105,power,1,0.475,12.06,16.07
4237,105,dormant,0,0.475,0.0,0.35
4238,105,power,0,0.475,16.67,17.47
4239,105,power,0,0.475,16.5,17.2
4240,106,dormant,1,0.55,2.32,4.59
4241,106,dormant,0,0.55,0.0,0.12
4242,106,dormant,1,0.55,0.0,0.0
4243,106,casual,1,0.55,10.16,10.51
4244,106,casual,0,0.55,7.31,6.52
4245,106,power,1,0.55,8.3,12.44
4246,106,casual,1,0.55,7.51,8.07
4247,106,casual,0,0.55,6.24,6.05
4248,106,casual,1,0.55,4.52,4.92
4249,106,casual,1,0.55,0.43,2.04
4250,106,casual,0,0.55,2.8,6.5
4251,106,casual,0,0.55,4.36,6.31
4252,106,casual,1,0.55,6.43,9.76
4253,106,casual,1,0.55,6.41,7.03
4254,106,casual,1,0.55,4.25,2.63
4255,106,power,0,0.55,14.78,19.44
4256,106,casual,1,0.55,6.03,5.66
4257,106,casual,0,0.55,2.81,0.66
4258,106,casual,0,0.55,2.15,7.55
4259,106,casual,0,0.55,5.36,6.99
4260,106,dormant,1,0.55,3.43,3.35
4261,106,dormant,1,0.55,3.78,0.21
4262,106,casual,0,0.55,6.4,4.28
4263,106,casual,1,0.55,7.97,4.86
4264,106,casual,0,0.55,7.78,10.75
4265,106,casual,1,0.55,5.98,7.05
4266,106,casual,0,0.55,8.53,12.25
4267,106,casual,1,0.55,3.57,3.09
4268,106,casual,0,0.55,2.52,6.31
4269,106,power,0,0.55,26.52,25.39
4270,106,dormant,1,0.55,0.37,0.0
4271,106,casual,1,0.55,9.97,7.55
4272,106,casual,1,0.55,8.83,6.43
4273,106,dormant,0,0.55,0.0,3.2
4274,106,casual,1,0.55,7.96,6.51
4275,106,casual,1,0.55,9.04,6.23
4276,106,casual,1,0.55,8.12,7.17
4277,106,casual,0,0.55,3.01,4.33
4278,106,casual,0,0.55,4.4,4.68
4279,106,casual,0,0.55,2.36,3.02
4280,107,casual,1,0.625,7.39,7.46
4281,107,power,0,0.625,14.34,16.01
4282,107,power,1,0.625,16.24,19.81
4283,107,dormant,1,0.625,0.0,0.09
4284,107,casual,0,0.625,2.3,1.73
4285,107,power,0,0.625,12.91,16.13
4286,107,casual,1,0.625,3.37,2.54
4287,107,casual,0,0.625,9.01,8.05
4288,107,casual,1,0.625,6.02,9.84
4289,107,power,0,0.625,16.38,18.51
4290,107,casual,1,0.625,1.41,1.48
4291,107,dormant,1,0.625,0.0,0.0
4292,107,casual,1,0.625,8.06,5.14
4293,107,dormant,0,0.625,0.01,0.41
4294,107,casual,0,0.625,10.84,7.59
4295,107,casual,1,0.625,7.62,10.44
4296,107,dormant,1,0.625,1.54,2.45
4297,107,casual,0,0.625,2.75,7.06
4298,107,power,1,0.625,7.14,9.23
4299,107,casual,1,0.625,5.15,5.27
4300,107,casual,1,0.625,5.09,4.09
4301,107,casual,1,0.625,0.0,3.08
4302,107,dormant,1,0.625,0.0,2.56
4303,107,dormant,1,0.625,1.33,1.14
4304,107,casual,0,0.625,9.45,11.7
4305,107,power,0,0.625,6.2,6.58
4306,107,casual,0,0.625,5.13,3.78
4307,107,casual,1,0.625,3.75,2.72
4308,107,dormant,1,0.625,0.4,5.13
4309,107,dormant,0,0.625,2.92,0.0
4310,107,casual,1,0.625,4.9,5.22
4311,107,casual,0,0.625,5.14,8.89
4312,107,casual,1,0.625,6.46,6.6
4313,107,dormant,1,0.625,1.5,0.91
4314,107,power,1,0.625,11.84,17.1
4315,107,casual,0,0.625,4.31,6.06
4316,107,casual,1,0.625,8.41,8.74
4317,107,dormant,0,0.625,0.0,0.0
4318,107,dormant,1,0.625,1.33,1.86
4319,107,casual,1,0.625,7.22,5.88
4320,108,casual,1,0.425,1.24,0.0
4321,108,casual,1,0.425,7.57,5.98
4322,108,casual,0,0.425,5.26,7.13
4323,108,dormant,0,0.425,1.29,0.31
4324,108,casual,0,0.425,6.21,6.85
4325,108,dormant,0,0.425,1.98,0.0
4326,108,power,0,0.425,15.15,18.17
4327,108,casual,0,0.425,3.82,1.95
4328,108,power,1,0.425,12.06,17.04
4329,108,casual,0,0.425,8.66,4.9
4330,108,casual,0,0.425,5.34,2.87
4331,108,dormant,0,0.425,2.06,1.03
4332,108,dormant,0,0.425,0.0,0.94
4333,108,dormant,1,0.425,1.33,0.96
4334,108,casual,0,0.425,2.23,2.1
4335,108,dormant,0,0.425,1.85,0.0
4336,108,power,0,0.425,18.69,20.03
4337,108,casual,0,0.425,9.05,4.18
4338,108,casual,1,0.425,2.52,6.36
4339,108,casual,1,0.425,8.86,6.66
4340,108,casual,1,0.425,9.17,10.22
4341,108,casual,1,0.425,0.04,1.12
4342,108,casual,0,0.425,5.53,5.12
4343,108,casual,1,0.425,3.22,5.34
4344,108,dormant,0,0.425,0.07,0.0
4345,108,dormant,0,0.425,1.47,1.3
4346,108,power,0,0.425,19.15,18.75
4347,108,casual,0,0.425,1.83,2.04
4348,108,power,1,0.425,15.2,19.88
4349,108,power,1,0.425,15.54,15.82
4350,108,casual,1,0.425,3.0,3.31
4351,108,casual,1,0.425,6.61,6.5
4352,108,casual,0,0.425,4.45,2.88
4353,108,dormant,1,0.425,1.05,3.8
4354,108,casual,0,0.425,2.35,2.84
4355,108,casual,0,0.425,7.95,5.09
4356,108,casual,0,0.425,5.95,3.44
4357,108,casual,1,0.425,3.42,7.02
4358,108,power,1,0.425,15.83,18.85
4359,108,casual,1,0.425,8.64,10.26
4360,109,casual,0,0.625,0.71,3.17
4361,109,power,0,0.625,22.19,23.55
4362,109,dormant,0,0.625,0.0,0.0
4363,109,power,0,0.625,14.57,16.62
4364,109,dormant,1,0.625,0.36,0.0
4365,109,casual,1,0.625,6.59,7.32
4366,109,power,1,0.625,18.34,19.34
4367,109,power,1,0.625,15.17,15.47
4368,109,casual,1,0.625,6.91,8.98
4369,109,casual,1,0.625,6.05,6.04
4370,109,casual,1,0.625,1.14,4.88
4371,109,casual,1,0.625,0.07,6.99
4372,109,power,0,0.625,16.54,18.05
4373,109,casual,0,0.625,5.64,3.77
4374,109,casual,1,0.625,0.0,0.83
4375,109,casual,1,0.625,6.49,9.18
4376,109,dormant,1,0.625,2.29,3.1
4377,109,casual,0,0.625,6.16,7.87
4378,109,casual,1,0.625,6.91,7.05
4379,109,casual,1,0.625,6.9,5.05
4380,109,casual,0,0.625,6.82,7.58
4381,109,power,1,0.625,11.78,12.5
4382,109,casual,1,0.625,7.71,8.26
4383,109,casual,1,0.625,4.61,4.15
4384,109,casual,1,0.625,4.48,7.94
4385,109,casual,0,0.625,5.92,9.52
4386,109,dormant,1,0.625,3.6,1.28
4387,109,casual,1,0.625,5.78,8.42
4388,109,casual,0,0.625,5.97,6.22
4389,109,power,1,0.625,14.21,19.91
4390,109,casual,0,0.625,3.53,5.1
4391,109,casual,1,0.625,6.95,9.61
4392,109,casual,1,0.625,9.92,9.92
4393,109,casual,1,0.625,5.19,6.31
4394,109,dormant,1,0.625,3.02,0.15
4395,109,casual,0,0.625,0.41,2.65
4396,109,casual,0,0.625,4.65,3.44
4397,109,casual,1,0.625,1.98,6.7
4398,109,casual,0,0.625,2.94,4.93
4399,109,dormant,0,0.625,0.0,0.24
4400,110,casual,1,0.65,5.77,8.12
4401,110,casual,1,0.65,7.97,6.64
4402,110,casual,1,0.65,2.34,4.75
4403,110,casual,1,0.65,5.38,3.37
4404,110,casual,0,0.65,4.39,7.44
4405,110,casual,1,0.65,11.39,8.24
4406,110,casual,0,0.65,5.93,4.31
4407,110,casual,1,0.65,6.98,9.75
4408,110,casual,1,0.65,6.81,7.98
4409,110,casual,0,0.65,1.67,3.8
4410,110,power,0,0.65,17.66,20.38
4411,110,casual,1,0.65,2.53,2.34
4412,110,dormant,0,0.65,1.99,1.47
4413,110,casual,1,0.65,4.87,6.78
4414,110,dormant,0,0.65,3.08,2.79
4415,110,casual,1,0.65,3.79,1.86
4416,110,casual,1,0.65,5.7,10.06
4417,110,dormant,1,0.65,0.11,2.13
4418,110,power,0,0.65,15.59,17.15
4419,110,casual,0,0.65,8.15,7.47
4420,110,casual,1,0.65,6.31,9.39
4421,110,casual,1,0.65,10.51,7.5
4422,110,casual,1,0.65,1.87,3.69
4423,110,casual,1,0.65,3.29,1.33
4424,110,casual,1,0.65,6.28,10.19
4425,110,casual,1,0.65,8.83,9.35
4426,110,casual,0,0.65,10.75,10.08
4427,110,casual,1,0.65,5.38,5.99
4428,110,casual,0,0.65,9.68,9.97
4429,110,dormant,1,0.65,1.64,1.12
4430,110,power,1,0.65,7.28,13.51
4431,110,casual,0,0.65,8.06,8.28
4432,110,casual,1,0.65,5.2,5.18
4433,110,dormant,0,0.65,0.0,0.0
4434,110,dormant,1,0.65,4.5,0.93
4435,110,casual,1,0.65,2.56,0.0
4436,110,dormant,0,0.65,0.56,1.47
4437,110,casual,0,0.65,2.61,2.38
4438,110,power,1,0.65,14.8,18.11
4439,110,casual,1,0.65,5.08,5.97
4440,111,casual,1,0.6,7.92,8.23
4441,111,dormant,1,0.6,1.23,0.32
4442,111,dormant,0,0.6,2.27,3.0
4443,111,casual,1,0.6,5.42,6.79
4444,111,power,0,0.6,16.29,19.87
4445,111,casual,1,0.6,4.4,4.71
4446,111,dormant,0,0.6,0.0,0.21
4447,111,power,0,0.6,16.18,19.21
4448,111,casual,1,0.6,0.71,4.3
4449,111,power,1,0.6,11.63,16.42
4450,111,dormant,1,0.6,2.47,0.0
4451,111,dormant,1,0.6,0.0,1.72
4452,111,power,1,0.6,13.62,16.09
4453,111,casual,1,0.6,8.92,11.86
4454,111,power,1,0.6,14.2,15.31
4455,111,power,0,0.6,10.92,12.05
4456,111,casual,0,0.6,2.65,2.13
4457,111,power,0,0.6,15.37,15.38
4458,111,casual,1,0.6,1.74,2.71
4459,111,casual,0,0.6,4.38,5.0
4460,111,casual,1,0.6,4.5,5.34
4461,111,dormant,0,0.6,0.0,0.0
4462,111,casual,1,0.6,1.81,1.14
4463,111,power,0,0.6,12.47,11.59
4464,111,casual,0,0.6,4.76,7.37
4465,111,casual,1,0.6,6.99,9.14
4466,111,casual,1,0.6,5.99,5.9
4467,111,casual,0,0.6,5.37,4.07
4468,111,casual,0,0.6,3.11,3.37
4469,111,casual,1,0.6,4.45,5.29
4470,111,casual,0,0.6,5.97,5.59
4471,111,casual,1,0.6,11.73,9.39
4472,111,dormant,1,0.6,0.0,2.67
4473,111,dormant,1,0.6,1.35,0.0
4474,111,dormant,1,0.6,3.44,2.81
4475,111,dormant,1,0.6,0.0,0.0
4476,111,dormant,0,0.6,0.0,2.21
4477,111,casual,0,0.6,7.09,8.53
4478,111,dormant,1,0.6,0.0,1.08
4479,111,casual,1,0.6,7.82,12.38
4480,112,power,1,0.675,19.62,23.6
4481,112,casual,1,0.675,6.22,6.49
4482,112,dormant,1,0.675,0.96,3.94
4483,112,dormant,0,0.675,2.39,0.67
4484,112,dormant,1,0.675,0.0,0.68
4485,112,casual,1,0.675,4.69,10.29
4486,112,dormant,1,0.675,0.91,1.75
4487,112,casual,1,0.675,5.24,7.12
4488,112,casual,0,0.675,3.37,5.82
4489,112,dormant,0,0.675,4.65,1.95
4490,112,casual,0,0.675,7.74,6.18
4491,112,casual,0,0.675,5.7,9.27
4492,112,casual,1,0.675,3.56,2.33
4493,112,dormant,0,0.675,0.82,2.31
4494,112,casual,1,0.675,6.62,4.84
4495,112,dormant,0,0.675,0.04,0.76
4496,112,power,1,0.675,14.61,16.52
4497,112,dormant,1,0.675,0.0,3.17
4498,112,casual,0,0.675,11.06,12.56
4499,112,casual,1,0.675,5.29,3.09
4500,112,casual,1,0.675,3.6,7.95
4501,112,casual,1,0.675,5.61,5.77
4502,112,casual,0,0.675,4.97,5.66
4503,112,casual,0,0.675,5.03,5.27
4504,112,power,1,0.675,16.95,19.85
4505,112,casual,1,0.675,1.31,0.77
4506,112,casual,1,0.675,3.19,0.0
4507,112,dormant,1,0.675,3.16,1.56
4508,112,dormant,1,0.675,3.72,1.76
4509,112,casual,1,0.675,5.5,7.17
4510,112,power,0,0.675,9.61,11.16
4511,112,casual,1,0.675,5.92,9.62
4512,112,casual,1,0.675,2.89,6.95
4513,112,dormant,1,0.675,1.61,3.51
4514,112,dormant,1,0.675,0.88,1.23
4515,112,dormant,0,0.675,0.0,0.0
4516,112,power,1,0.675,9.53,10.92
4517,112,casual,1,0.675,5.32,6.14
4518,112,casual,0,0.675,9.67,10.5
4519,112,casual,1,0.675,5.82,8.46
4520,113,casual,0,0.55,2.41,5.03
4521,113,casual,1,0.55,10.49,5.55
4522,113,power,0,0.55,8.91,11.03
4523,113,casual,1,0.55,4.93,7.44
4524,113,casual,1,0.55,7.31,5.8
4525,113,casual,0,0.55,11.01,8.32
4526,113,power,1,0.55,16.34,19.9
4527,113,casual,0,0.55,5.1,5.91
4528,113,dormant,1,0.55,0.16,5.07
4529,113,dormant,1,0.55,0.61,1.35
4530,113,casual,0,0.55,6.7,4.34
4531,113,casual,0,0.55,9.15,8.2
4532,113,casual,1,0.55,2.7,8.78
4533,113,casual,1,0.55,1.58,0.35
4534,113,power,1,0.55,10.2,12.99
4535,113,casual,0,0.55,6.49,8.44
4536,113,dormant,0,0.55,0.13,0.97
4537,113,dormant,1,0.55,2.43,0.53
4538,113,casual,1,0.55,6.46,8.53
4539,113,dormant,0,0.55,2.03,4.53
4540,113,dormant,0,0.55,0.26,0.0
4541,113,casual,1,0.55,7.43,8.3
4542,113,dormant,1,0.55,4.61,2.16
4543,113,casual,0,0.55,0.15,3.92
4544,113,dormant,0,0.55,0.33,2.07
4545,113,casual,0,0.55,13.32,10.83
4546,113,casual,1,0.55,6.56,6.45
4547,113,power,0,0.55,15.62,16.88
4548,113,casual,1,0.55,7.55,8.69
4549,113,dormant,1,0.55,0.0,0.18
4550,113,casual,1,0.55,2.67,3.72
4551,113,dormant,0,0.55,0.18,2.66
4552,113,casual,1,0.55,8.06,7.42
4553,113,power,0,0.55,14.69,16.51
4554,113,power,1,0.55,12.28,17.24
4555,113,casual,0,0.55,6.26,5.41
4556,113,casual,0,0.55,7.12,6.84
4557,113,casual,1,0.55,0.05,2.36
4558,113,casual,1,0.55,5.76,7.97
4559,113,casual,1,0.55,5.37,1.04
4560,114,dormant,0,0.4,0.0,0.0
4561,114,power,1,0.4,14.8,17.82
4562,114,casual,1,0.4,5.71,8.9
4563,114,power,0,0.4,7.3,6.97
4564,114,power,1,0.4,15.4,18.88
4565,114,casual,0,0.4,8.08,7.87
4566,114,dormant,1,0.4,0.0,0.0
4567,114,dormant,1,0.4,2.44,1.31
4568,114,dormant,0,0.4,2.35,0.0
4569,114,casual,0,0.4,4.54,6.99
4570,114,power,1,0.4,20.79,23.37
4571,114,casual,0,0.4,9.81,9.3
4572,114,casual,1,0.4,8.99,8.08
4573,114,casual,0,0.4,5.99,9.52
4574,114,dormant,1,0.4,1.53,5.09
4575,114,dormant,1,0.4,1.14,0.0
4576,114,casual,1,0.4,6.0,8.33
4577,114,casual,0,0.4,0.93,0.0
4578,114,power,0,0.4,17.19,22.44
4579,114,dormant,0,0.4,3.03,0.0
4580,114,casual,1,0.4,1.91,6.27
4581,114,casual,1,0.4,5.72,6.51
4582,114,dormant,1,0.4,2.0,0.0
4583,114,casual,0,0.4,6.13,9.6
4584,114,casual,0,0.4,8.26,10.61
4585,114,casual,0,0.4,5.38,7.25
4586,114,dormant,0,0.4,3.21,0.0
4587,114,casual,0,0.4,7.23,11.9
4588,114,dormant,1,0.4,0.0,0.0
4589,114,casual,0,0.4,5.68,2.67
4590,114,casual,0,0.4,6.12,7.1
4591,114,casual,0,0.4,5.55,9.34
4592,114,casual,1,0.4,7.99,6.29
4593,114,casual,0,0.4,6.13,7.64
4594,114,casual,0,0.4,8.92,9.1
4595,114,casual,0,0.4,5.87,7.61
4596,114,power,0,0.4,12.16,12.8
4597,114,casual,1,0.4,3.79,6.86
4598,114,casual,0,0.4,5.71,4.32
4599,114,casual,0,0.4,3.48,5.03
4600,115,power,0,0.5,20.84,21.19
4601,115,casual,0,0.5,7.61,8.76
4602,115,dormant,1,0.5,0.0,0.0
4603,115,dormant,0,0.5,0.0,0.0
4604,115,dormant,1,0.5,0.65,3.67
4605,115,dormant,0,0.5,0.0,0.54
4606,115,casual,1,0.5,2.16,3.58
4607,115,casual,0,0.5,8.39,7.66
4608,115,casual,0,0.5,8.56,8.28
4609,115,casual,1,0.5,8.16,6.02
4610,115,dormant,1,0.5,4.35,1.29
4611,115,casual,0,0.5,8.27,9.9
4612,115,dormant,1,0.5,0.0,0.75
4613,115,casual,0,0.5,4.42,4.7
4614,115,casual,1,0.5,0.0,3.68
4615,115,dormant,1,0.5,3.91,4.64
4616,115,casual,1,0.5,5.73,6.4
4617,115,casual,0,0.5,10.54,11.74
4618,115,power,0,0.5,9.91,12.09
4619,115,dormant,0,0.5,5.31,1.47
4620,115,casual,0,0.5,5.19,5.83
4621,115,dormant,0,0.5,2.43,1.39
4622,115,casual,1,0.5,10.4,11.59
4623,115,casual,0,0.5,8.03,7.22
4624,115,casual,1,0.5,6.86,4.57
4625,115,power,1,0.5,7.24,11.68
4626,115,casual,1,0.5,7.05,8.07
4627,115,dormant,1,0.5,1.75,4.43
4628,115,power,0,0.5,10.34,11.37
4629,115,power,1,0.5,11.79,17.26
4630,115,casual,1,0.5,3.9,7.82
4631,115,dormant,0,0.5,1.56,1.53
4632,115,dormant,1,0.5,0.0,0.37
4633,115,dormant,1,0.5,3.71,0.7
4634,115,casual,1,0.5,9.43,10.74
4635,115,casual,0,0.5,7.4,8.39
4636,115,power,1,0.5,19.13,18.09
4637,115,casual,0,0.5,0.0,0.0
4638,115,casual,0,0.5,10.91,12.05
4639,115,casual,0,0.5,5.5,5.0
4640,116,casual,0,0.625,6.71,6.5
4641,116,casual,1,0.625,4.95,3.34
4642,116,dormant,1,0.625,0.25,1.62
4643,116,casual,0,0.625,3.71,4.95
4644,116,dormant,1,0.625,1.93,2.83
4645,116,power,1,0.625,10.52,14.2
4646,116,casual,0,0.625,5.52,7.11
4647,116,dormant,1,0.625,4.86,3.87
4648,116,casual,0,0.625,4.2,6.14
4649,116,dormant,1,0.625,1.27,2.35
4650,116,casual,0,0.625,3.69,3.09
4651,116,dormant,0,0.625,1.98,2.95
4652,116,power,1,0.625,19.91,21.2
4653,116,casual,0,0.625,1.77,2.79
4654,116,power,1,0.625,7.95,13.31
4655,116,dormant,1,0.625,0.37,5.44
4656,116,casual,0,0.625,7.42,7.02
4657,116,casual,0,0.625,2.75,4.27
4658,116,casual,0,0.625,3.87,8.35
4659,116,casual,1,0.625,7.72,7.6
4660,116,casual,1,0.625,4.73,1.76
4661,116,dormant,0,0.625,1.48,0.0
4662,116,casual,1,0.625,7.76,10.97
4663,116,casual,1,0.625,5.09,8.59
4664,116,casual,0,0.625,5.39,8.33
4665,116,casual,1,0.625,3.9,5.99
4666,116,casual,1,0.625,4.02,10.73
4667,116,casual,1,0.625,9.5,9.33
4668,116,power,1,0.625,15.14,18.05
4669,116,dormant,1,0.625,0.84,0.0
4670,116,casual,1,0.625,12.31,8.17
4671,116,power,1,0.625,12.78,18.12
4672,116,dormant,1,0.625,5.88,4.83
4673,116,casual,0,0.625,1.58,6.37
4674,116,casual,0,0.625,2.62,3.55
4675,116,dormant,1,0.625,0.16,0.0
4676,116,dormant,1,0.625,5.35,1.41
4677,116,casual,1,0.625,5.24,5.15
4678,116,dormant,1,0.625,1.15,0.92
4679,116,dormant,0,0.625,0.0,1.14
4680,117,dormant,0,0.375,0.0,2.76
4681,117,casual,0,0.375,1.05,2.36
4682,117,casual,1,0.375,3.12,4.28
4683,117,casual,1,0.375,6.68,4.88
4684,117,casual,0,0.375,4.53,5.03
4685,117,casual,0,0.375,5.83,6.51
4686,117,dormant,0,0.375,3.92,0.63
4687,117,dormant,0,0.375,4.27,3.38
4688,117,casual,1,0.375,6.18,6.0
4689,117,dormant,0,0.375,0.05,0.0
4690,117,casual,1,0.375,7.88,9.19
4691,117,casual,1,0.375,6.67,10.68
4692,117,power,0,0.375,10.6,12.89
4693,117,casual,0,0.375,11.57,9.83
4694,117,casual,0,0.375,4.78,3.98
4695,117,casual,0,0.375,5.38,7.72
4696,117,casual,0,0.375,7.18,8.68
4697,117,dormant,0,0.375,3.12,0.63
4698,117,casual,1,0.375,2.79,1.47
4699,117,casual,0,0.375,7.36,5.96
4700,117,dormant,0,0.375,2.62,3.84
4701,117,casual,1,0.375,7.97,5.12
4702,117,dormant,0,0.375,3.4,1.85
4703,117,power,1,0.375,13.36,14.99
4704,117,casual,0,0.375,4.44,8.76
4705,117,power,1,0.375,12.41,15.3
4706,117,dormant,1,0.375,2.02,3.41
4707,117,casual,0,0.375,9.3,8.4
4708,117,power,1,0.375,13.94,17.09
4709,117,casual,1,0.375,6.98,7.6
4710,117,dormant,0,0.375,0.0,0.0
4711,117,casual,1,0.375,3.39,4.45
4712,117,dormant,1,0.375,0.0,0.46
4713,117,casual,1,0.375,8.68,7.25
4714,117,dormant,0,0.375,3.2,0.74
4715,117,casual,0,0.375,5.17,4.92
4716,117,dormant,0,0.375,3.66,4.23
4717,117,casual,0,0.375,6.23,9.3
4718,117,casual,0,0.375,8.39,7.82
4719,117,casual,0,0.375,4.47,6.21
4720,118,casual,0,0.575,4.93,1.53
4721,118,power,1,0.575,13.72,16.36
4722,118,casual,1,0.575,6.11,6.36
4723,118,dormant,1,0.575,2.19,1.91
4724,118,power,0,0.575,21.0,23.72
4725,118,dormant,1,0.575,2.29,3.25
4726,118,casual,1,0.575,2.64,5.43
4727,118,dormant,1,0.575,0.0,1.12
4728,118,casual,0,0.575,12.61,9.81
4729,118,casual,0,0.575,9.7,8.76
4730,118,dormant,0,0.575,3.63,2.12
4731,118,casual,1,0.575,6.18,8.98
4732,118,casual,0,0.575,2.35,3.75
4733,118,casual,0,0.575,3.54,3.52
4734,118,casual,1,0.575,8.47,8.22
4735,118,dormant,1,0.575,2.56,1.51
4736,118,dormant,0,0.575,0.0,0.0
4737,118,casual,0,0.575,4.19,6.64
4738,118,dormant,1,0.575,0.0,2.77
4739,118,casual,1,0.575,3.79,4.53
4740,118,dormant,0,0.575,1.28,1.18
4741,118,dormant,1,0.575,0.81,1.99
4742,118,power,0,0.575,6.21,11.87
4743,118,casual,1,0.575,4.51,6.37
4744,118,casual,1,0.575,9.41,12.44
4745,118,dormant,0,0.575,3.47,1.49
4746,118,casual,0,0.575,5.22,5.58
4747,118,casual,1,0.575,6.39,6.46
4748,118,casual,1,0.575,1.86,4.84
4749,118,casual,1,0.575,7.81,7.92
4750,118,dormant,0,0.575,2.16,1.43
4751,118,casual,0,0.575,7.14,4.2
4752,118,dormant,1,0.575,2.91,2.15
4753,118,casual,0,0.575,7.96,6.45
4754,118,casual,1,0.575,6.04,8.56
4755,118,casual,1,0.575,5.86,5.73
4756,118,dormant,1,0.575,1.71,0.0
4757,118,casual,0,0.575,4.18,3.5
4758,118,power,1,0.575,9.57,10.4
4759,118,casual,1,0.575,3.63,7.17
4760,119,casual,0,0.525,7.2,6.03
4761,119,power,0,0.525,16.24,15.94
4762,119,casual,1,0.525,4.68,5.76
4763,119,casual,1,0.525,1.59,0.0
4764,119,power,1,0.525,11.48,16.62
4765,119,casual,1,0.525,5.86,3.74
4766,119,dormant,0,0.525,0.86,1.21
4767,119,casual,1,0.525,2.18,5.96
4768,119,power,1,0.525,16.78,22.25
4769,119,dormant,0,0.525,3.76,1.28
4770,119,casual,1,0.525,5.16,5.88
4771,119,dormant,0,0.525,0.79,1.06
4772,119,power,0,0.525,12.59,15.31
4773,119,dormant,0,0.525,2.28,0.0
4774,119,dormant,1,0.525,0.0,0.0
4775,119,dormant,1,0.525,0.04,0.24
4776,119,casual,0,0.525,8.71,11.0
4777,119,casual,0,0.525,2.2,0.57
4778,119,casual,0,0.525,3.09,4.28
4779,119,dormant,0,0.525,0.0,2.53
4780,119,power,1,0.525,10.43,16.87
4781,119,power,1,0.525,16.26,21.0
4782,119,casual,1,0.525,3.67,2.94
4783,119,casual,1,0.525,1.77,3.71
4784,119,dormant,1,0.525,0.91,0.31
4785,119,casual,0,0.525,7.07,7.69
4786,119,casual,1,0.525,8.2,11.16
4787,119,power,0,0.525,15.31,17.74
4788,119,power,1,0.525,18.5,24.08
4789,119,casual,1,0.525,4.17,6.2
4790,119,dormant,0,0.525,0.32,2.38
4791,119,casual,1,0.525,8.85,7.11
4792,119,dormant,0,0.525,1.58,4.12
4793,119,casual,1,0.525,9.75,9.62
4794,119,dormant,0,0.525,2.96,2.01
4795,119,casual,0,0.525,2.86,3.2
4796,119,casual,0,0.525,8.67,4.12
4797,119,dormant,1,0.525,1.57,3.48
4798,119,casual,0,0.525,8.12,8.21
4799,119,dormant,1,0.525,0.0,2.84
4800,120,power,1,0.675,11.39,16.84
4801,120,casual,0,0.675,2.58,3.54
4802,120,dormant,1,0.675,0.0,3.52
4803,120,casual,1,0.675,2.54,5.4
4804,120,casual,1,0.675,6.49,7.44
4805,120,power,0,0.675,12.8,13.36
4806,120,power,0,0.675,9.48,10.68
4807,120,dormant,0,0.675,0.87,0.91
4808,120,casual,1,0.675,6.18,6.06
4809,120,casual,1,0.675,5.7,5.48
4810,120,dormant,0,0.675,1.05,0.62
4811,120,casual,1,0.675,10.69,13.64
4812,120,casual,1,0.675,8.55,7.75
4813,120,dormant,1,0.675,3.68,3.41
4814,120,dormant,0,0.675,2.72,2.85
4815,120,dormant,0,0.675,0.0,1.98
4816,120,casual,1,0.675,4.77,9.13
4817,120,dormant,0,0.675,1.0,0.09
4818,120,dormant,1,0.675,0.0,1.35
4819,120,power,1,0.675,23.01,24.62
4820,120,casual,1,0.675,5.58,7.07
4821,120,casual,1,0.675,7.84,7.31
4822,120,casual,1,0.675,0.57,1.79
4823,120,casual,1,0.675,6.98,5.07
4824,120,casual,1,0.675,10.13,13.1
4825,120,casual,0,0.675,0.12,0.0
4826,120,dormant,1,0.675,0.0,0.0
4827,120,dormant,1,0.675,2.36,4.15
4828,120,dormant,1,0.675,1.8,1.14
4829,120,dormant,1,0.675,0.1,0.0
4830,120,casual,1,0.675,2.43,5.58
4831,120,casual,0,0.675,8.68,9.9
4832,120,dormant,1,0.675,2.32,1.87
4833,120,dormant,1,0.675,1.72,2.94
4834,120,casual,0,0.675,7.06,9.71
4835,120,casual,1,0.675,9.05,8.08
4836,120,casual,1,0.675,2.27,6.2
4837,120,dormant,0,0.675,0.0,0.0
4838,120,casual,0,0.675,1.0,0.0
4839,120,casual,1,0.675,4.81,9.76
4840,121,casual,0,0.5,7.44,8.04
4841,121,casual,0,0.5,8.56,6.41
4842,121,casual,1,0.5,3.88,3.34
4843,121,power,1,0.5,19.31,22.41
4844,121,dormant,0,0.5,1.1,0.32
4845,121,power,0,0.5,13.22,13.84
4846,121,casual,0,0.5,8.93,10.43
4847,121,casual,0,0.5,8.73,9.43
4848,121,dormant,1,0.5,0.34,3.48
4849,121,casual,0,0.5,7.79,3.86
4850,121,casual,0,0.5,2.98,2.36
4851,121,dormant,1,0.5,0.54,0.0
4852,121,dormant,0,0.5,5.13,0.03
4853,121,dormant,0,0.5,3.22,1.9
4854,121,casual,1,0.5,6.0,7.87
4855,121,casual,0,0.5,0.42,3.24
4856,121,casual,1,0.5,0.4,2.16
4857,121,power,0,0.5,10.97,15.07
4858,121,dormant,1,0.5,4.72,3.95
4859,121,dormant,1,0.5,2.13,5.14
4860,121,casual,0,0.5,7.25,9.46
4861,121,dormant,0,0.5,2.67,0.0
4862,121,casual,1,0.5,0.0,2.88
4863,121,casual,1,0.5,10.43,13.05
4864,121,power,1,0.5,3.66,7.65
4865,121,casual,1,0.5,7.21,7.05
4866,121,casual,0,0.5,3.28,7.39
4867,121,casual,1,0.5,7.78,6.19
4868,121,power,1,0.5,14.42,15.99
4869,121,casual,1,0.5,5.42,6.55
4870,121,casual,0,0.5,5.98,7.64
4871,121,casual,1,0.5,0.0,3.04
4872,121,casual,0,0.5,8.01,5.44
4873,121,casual,1,0.5,4.79,6.46
4874,121,casual,1,0.5,7.14,9.32
4875,121,power,1,0.5,15.99,19.86
4876,121,casual,0,0.5,6.37,8.52
4877,121,casual,1,0.5,1.38,1.96
4878,121,casual,0,0.5,7.79,7.44
4879,121,casual,0,0.5,4.02,3.65
4880,122,casual,0,0.375,7.87,7.01
4881,122,dormant,1,0.375,1.17,0.0
4882,122,power,0,0.375,20.59,20.04
4883,122,casual,0,0.375,5.83,2.33
4884,122,power,0,0.375,12.95,12.3
4885,122,power,0,0.375,17.37,16.34
4886,122,casual,0,0.375,4.99,4.77
4887,122,casual,1,0.375,2.18,7.31
4888,122,power,1,0.375,16.19,18.24
4889,122,dormant,1,0.375,0.63,0.04
4890,122,power,1,0.375,18.04,22.93
4891,122,dormant,1,0.375,0.58,0.0
4892,122,dormant,0,0.375,4.1,3.55
4893,122,casual,0,0.375,4.35,4.84
4894,122,casual,0,0.375,3.09,6.92
4895,122,dormant,0,0.375,2.18,0.0
4896,122,casual,1,0.375,2.83,4.81
4897,122,dormant,1,0.375,3.08,1.8
4898,122,casual,0,0.375,4.49,7.7
4899,122,dormant,0,0.375,2.75,3.04
4900,122,casual,0,0.375,5.36,8.05
4901,122,casual,0,0.375,4.87,2.86
4902,122,casual,0,0.375,8.95,9.11
4903,122,dormant,0,0.375,2.12,0.0
4904,122,casual,1,0.375,8.01,8.44
4905,122,casual,0,0.375,2.07,4.14
4906,122,dormant,1,0.375,0.03,0.93
4907,122,dormant,0,0.375,4.5,1.55
4908,122,casual,0,0.375,7.47,10.68
4909,122,casual,0,0.375,8.89,8.62
4910,122,dormant,1,0.375,3.58,0.0
4911,122,power,0,0.375,13.92,15.09
4912,122,casual,0,0.375,7.42,7.24
4913,122,casual,1,0.375,5.39,8.28
4914,122,casual,1,0.375,3.36,4.52
4915,122,casual,0,0.375,7.51,6.85
4916,122,casual,0,0.375,10.21,12.23
4917,122,casual,1,0.375,11.91,13.05
4918,122,power,0,0.375,16.52,17.28
4919,122,power,1,0.375,17.56,23.84
4920,123,dormant,0,0.575,0.0,0.0
4921,123,power,1,0.575,20.68,23.19
4922,123,casual,1,0.575,2.85,5.05
4923,123,casual,1,0.575,6.05,3.38
4924,123,power,1,0.575,12.74,18.4
4925,123,power,0,0.575,17.6,19.5
4926,123,dormant,1,0.575,1.57,0.0
4927,123,dormant,1,0.575,0.0,0.0
4928,123,casual,0,0.575,6.89,3.21
4929,123,casual,1,0.575,4.63,6.0
4930,123,casual,0,0.575,3.97,8.86
4931,123,casual,1,0.575,8.78,8.07
4932,123,casual,1,0.575,7.07,10.5
4933,123,dormant,0,0.575,3.04,0.0
4934,123,dormant,1,0.575,1.6,1.07
4935,123,dormant,1,0.575,0.0,3.39
4936,123,casual,1,0.575,4.31,3.48
4937,123,casual,1,0.575,8.49,5.88
4938,123,dormant,0,0.575,0.0,0.0
4939,123,casual,0,0.575,2.47,2.98
4940,123,casual,0,0.575,0.0,1.17
4941,123,casual,0,0.575,5.58,5.88
4942,123,casual,0,0.575,8.58,11.44
4943,123,casual,1,0.575,6.53,9.69
4944,123,power,0,0.575,15.45,16.09
4945,123,casual,0,0.575,11.59,10.04
4946,123,casual,1,0.575,9.39,8.93
4947,123,casual,1,0.575,3.77,2.85
4948,123,casual,0,0.575,6.33,8.76
4949,123,casual,1,0.575,8.43,11.12
4950,123,power,0,0.575,17.61,22.02
4951,123,casual,1,0.575,8.57,9.02
4952,123,casual,0,0.575,1.98,5.81
4953,123,dormant,0,0.575,3.68,0.0
4954,123,dormant,0,0.575,0.0,0.0
4955,123,dormant,1,0.575,0.0,0.0
4956,123,casual,1,0.575,3.53,3.84
4957,123,casual,1,0.575,10.49,8.08
4958,123,casual,1,0.575,4.24,4.77
4959,123,casual,1,0.575,7.56,10.32
4960,124,power,1,0.625,17.33,19.34
4961,124,dormant,0,0.625,0.0,2.58
4962,124,casual,1,0.625,4.46,9.31
4963,124,casual,0,0.625,7.63,5.41
4964,124,power,0,0.625,22.18,20.42
4965,124,casual,0,0.625,9.64,7.17
4966,124,dormant,1,0.625,4.04,5.6
4967,124,casual,0,0.625,4.89,2.1
4968,124,power,0,0.625,5.41,11.12
4969,124,dormant,1,0.625,0.41,0.0
4970,124,dormant,0,0.625,0.82,1.31
4971,124,dormant,1,0.625,1.05,0.0
4972,124,dormant,1,0.625,1.58,2.85
4973,124,dormant,1,0.625,0.0,1.82
4974,124,casual,1,0.625,2.5,4.25
4975,124,casual,1,0.625,0.8,5.12
4976,124,power,1,0.625,14.98,16.79
4977,124,dormant,1,0.625,1.42,0.18
4978,124,power,1,0.625,16.15,19.92
4979,124,casual,1,0.625,6.11,5.63
4980,124,casual,1,0.625,9.23,13.27
4981,124,dormant,0,0.625,0.0,1.94
4982,124,casual,1,0.625,3.66,5.35
4983,124,casual,0,0.625,2.63,3.33
4984,124,casual,0,0.625,6.06,6.88
4985,124,casual,1,0.625,4.8,9.56
4986,124,casual,1,0.625,8.74,5.99
4987,124,dormant,0,0.625,3.59,0.9
4988,124,dormant,1,0.625,1.56,0.0
4989,124,dormant,1,0.625,4.49,1.66
4990,124,power,1,0.625,14.85,18.06
4991,124,power,1,0.625,12.65,19.06
4992,124,casual,1,0.625,8.95,8.3
4993,124,casual,0,0.625,0.0,2.27
4994,124,casual,1,0.625,5.36,9.96
4995,124,power,0,0.625,13.9,14.61
4996,124,dormant,1,0.625,2.39,4.02
4997,124,dormant,0,0.625,2.2,2.03
4998,124,dormant,0,0.625,1.84,2.54
4999,124,power,1,0.625,18.7,18.53
5000,125,power,1,0.425,17.83,20.95
5001,125,casual,1,0.425,1.95,3.47
5002,125,dormant,0,0.425,2.94,0.93
5003,125,dormant,1,0.425,2.72,2.17
5004,125,casual,1,0.425,8.99,10.34
5005,125,casual,0,0.425,5.34,5.38
5006,125,power,1,0.425,17.94,24.32
5007,125,casual,0,0.425,8.51,8.29
5008,125,dormant,0,0.425,1.65,2.39
5009,125,casual,0,0.425,3.97,3.68
5010,125,dormant,0,0.425,0.0,1.81
5011,125,casual,0,0.425,5.24,4.99
5012,125,casual,0,0.425,9.02,10.02
5013,125,casual,1,0.425,1.19,4.93
5014,125,casual,0,0.425,0.93,2.73
5015,125,casual,0,0.425,3.3,2.96
5016,125,dormant,1,0.425,0.0,2.02
5017,125,dormant,0,0.425,0.0,0.1
5018,125,casual,0,0.425,3.54,4.93
5019,125,casual,1,0.425,6.12,6.82
5020,125,casual,1,0.425,6.63,7.34
5021,125,dormant,1,0.425,4.09,2.48
5022,125,casual,0,0.425,7.87,7.55
5023,125,dormant,0,0.425,3.71,1.54
5024,125,dormant,0,0.425,1.74,0.34
5025,125,power,1,0.425,17.74,20.87
5026,125,casual,0,0.425,5.19,5.63
5027,125,dormant,1,0.425,0.0,1.16
5028,125,casual,0,0.425,0.27,2.46
5029,125,power,1,0.425,17.86,19.57
5030,125,power,0,0.425,12.0,13.02
5031,125,power,0,0.425,8.96,11.09
5032,125,casual,1,0.425,9.27,12.01
5033,125,dormant,0,0.425,0.0,2.52
5034,125,power,0,0.425,12.44,12.78
5035,125,power,0,0.425,14.3,12.88
5036,125,dormant,1,0.425,0.0,0.0
5037,125,dormant,1,0.425,5.17,0.58
5038,125,casual,0,0.425,0.28,2.86
5039,125,casual,1,0.425,3.77,6.1
5040,126,casual,0,0.375,6.43,3.48
5041,126,dormant,1,0.375,0.87,0.31
5042,126,dormant,0,0.375,2.41,1.76
5043,126,dormant,0,0.375,2.25,2.63
5044,126,casual,0,0.375,10.76,8.49
5045,126,dormant,0,0.375,1.2,1.85
5046,126,dormant,0,0.375,0.92,3.39
5047,126,power,1,0.375,12.72,17.98
5048,126,casual,0,0.375,4.45,4.15
5049,126,dormant,0,0.375,1.8,2.47
5050,126,casual,0,0.375,2.92,0.0
5051,126,dormant,0,0.375,3.06,1.59
5052,126,power,0,0.375,14.8,16.23
5053,126,dormant,0,0.375,0.0,0.0
5054,126,dormant,0,0.375,1.74,0.0
5055,126,power,1,0.375,14.52,17.22
5056,126,casual,1,0.375,4.1,6.57
5057,126,dormant,1,0.375,2.56,0.0
5058,126,casual,0,0.375,8.89,7.81
5059,126,casual,0,0.375,8.58,7.4
5060,126,casual,0,0.375,0.59,3.19
5061,126,power,0,0.375,20.21,19.0
5062,126,casual,1,0.375,2.83,5.71
5063,126,casual,1,0.375,2.58,3.71
5064,126,casual,1,0.375,8.39,8.0
5065,126,casual,0,0.375,7.24,6.93
5066,126,casual,1,0.375,8.8,7.04
5067,126,dormant,0,0.375,0.0,2.95
5068,126,dormant,1,0.375,0.0,1.66
5069,126,power,1,0.375,20.04,20.72
5070,126,casual,1,0.375,8.21,6.25
5071,126,casual,0,0.375,0.82,0.76
5072,126,dormant,0,0.375,1.36,4.26
5073,126,dormant,0,0.375,0.0,0.0
5074,126,casual,1,0.375,2.19,3.03
5075,126,dormant,0,0.375,2.63,0.41
5076,126,casual,0,0.375,6.66,3.88
5077,126,dormant,1,0.375,3.9,2.46
5078,126,casual,1,0.375,4.34,7.35
5079,126,casual,0,0.375,6.85,5.58
5080,127,dormant,0,0.475,0.16,2.47
5081,127,casual,0,0.475,7.01,3.0
5082,127,power,0,0.475,12.5,14.21
5083,127,dormant,1,0.475,0.0,0.0
5084,127,casual,1,0.475,8.4,8.56
5085,127,power,1,0.475,14.41,18.73
5086,127,dormant,1,0.475,2.58,3.11
5087,127,casual,1,0.475,7.48,8.3
5088,127,power,0,0.475,18.0,20.0
5089,127,casual,0,0.475,5.24,7.94
5090,127,casual,1,0.475,3.98,4.68
5091,127,casual,1,0.475,4.93,6.03
5092,127,casual,0,0.475,2.09,5.08
5093,127,power,0,0.475,17.24,16.03
5094,127,dormant,0,0.475,2.52,1.39
5095,127,dormant,1,0.475,0.56,0.33
5096,127,casual,0,0.475,3.52,6.68
5097,127,casual,1,0.475,7.24,4.63
5098,127,power,0,0.475,14.5,15.46
5099,127,casual,0,0.475,1.22,0.88
5100,127,dormant,0,0.475,0.21,0.0
5101,127,dormant,1,0.475,4.36,0.97
5102,127,casual,0,0.475,4.51,3.85
5103,127,casual,1,0.475,9.54,10.39
5104,127,casual,0,0.475,6.11,10.89
5105,127,casual,0,0.475,9.74,10.82
5106,127,power,0,0.475,17.12,19.24
5107,127,casual,1,0.475,3.93,2.6
5108,127,casual,1,0.475,2.17,4.1
5109,127,dormant,0,0.475,0.75,0.98
5110,127,casual,0,0.475,6.38,5.59
5111,127,power,0,0.475,20.35,21.37
5112,127,dormant,0,0.475,0.0,2.46
5113,127,power,1,0.475,22.2,24.77
5114,127,casual,1,0.475,6.82,7.28
5115,127,casual,1,0.475,8.85,7.9
5116,127,casual,1,0.475,7.21,7.71
5117,127,dormant,0,0.475,0.87,0.53
5118,127,casual,1,0.475,10.01,11.69
5119,127,dormant,1,0.475,2.54,1.84
5120,128,casual,0,0.475,4.63,2.55
5121,128,dormant,1,0.475,1.43,0.0
5122,128,casual,0,0.475,8.89,7.22
5123,128,casual,1,0.475,2.07,0.68
5124,128,casual,1,0.475,6.48,7.77
5125,128,power,1,0.475,8.68,7.56
5126,128,casual,0,0.475,8.0,3.71
5127,128,power,0,0.475,16.62,15.89
5128,128,casual,1,0.475,4.97,6.27
5129,128,casual,1,0.475,5.68,6.76
5130,128,power,0,0.475,22.01,22.0
5131,128,power,1,0.475,21.81,25.28
5132,128,dormant,1,0.475,1.54,2.46
5133,128,casual,1,0.475,6.49,8.63
5134,128,casual,0,0.475,8.08,6.97
5135,128,casual,0,0.475,4.57,6.17
5136,128,casual,1,0.475,11.46,13.11
5137,128,dormant,1,0.475,1.37,0.0
5138,128,casual,1,0.475,2.82,6.18
5139,128,casual,0,0.475,2.11,0.0
5140,128,dormant,0,0.475,0.0,0.0
5141,128,dormant,0,0.475,2.19,2.43
5142,128,casual,1,0.475,5.3,3.29
5143,128,power,0,0.475,17.05,21.89
5144,128,casual,0,0.475,6.68,9.79
5145,128,dormant,1,0.475,0.0,0.38
5146,128,casual,1,0.475,3.52,5.77
5147,128,casual,0,0.475,8.17,7.63
5148,128,dormant,0,0.475,2.06,0.0
5149,128,dormant,0,0.475,2.65,1.63
5150,128,casual,0,0.475,5.6,3.47
5151,128,casual,1,0.475,4.9,5.38
5152,128,casual,0,0.475,6.85,4.65
5153,128,casual,0,0.475,9.37,10.06
5154,128,dormant,1,0.475,2.87,2.2
5155,128,casual,1,0.475,3.61,5.17
5156,128,casual,0,0.475,4.39,4.81
5157,128,casual,0,0.475,4.16,3.49
5158,128,power,0,0.475,11.36,14.07
5159,128,power,1,0.475,18.41,20.66
5160,129,dormant,0,0.5,0.26,0.0
5161,129,dormant,0,0.5,2.51,4.85
5162,129,casual,1,0.5,1.42,0.54
5163,129,power,0,0.5,12.74,13.39
5164,129,casual,1,0.5,10.05,9.89
5165,129,casual,1,0.5,6.48,8.51
5166,129,dormant,0,0.5,0.0,2.94
5167,129,dormant,1,0.5,1.68,0.77
5168,129,power,1,0.5,19.34,24.75
5169,129,power,0,0.5,10.46,10.3
5170,129,power,0,0.5,17.41,15.05
5171,129,casual,0,0.5,5.48,6.65
5172,129,casual,0,0.5,6.89,6.8
5173,129,dormant,1,0.5,2.38,3.22
5174,129,casual,1,0.5,5.66,2.88
5175,129,casual,1,0.5,7.27,9.45
5176,129,dormant,0,0.5,3.55,3.81
5177,129,power,1,0.5,15.77,17.08
5178,129,power,1,0.5,17.68,19.48
5179,129,casual,1,0.5,4.04,5.31
5180,129,casual,1,0.5,10.9,14.96
5181,129,casual,0,0.5,9.98,9.08
5182,129,casual,1,0.5,0.73,3.35
5183,129,dormant,1,0.5,2.27,1.87
5184,129,casual,0,0.5,3.88,6.44
5185,129,dormant,0,0.5,0.34,0.57
5186,129,power,0,0.5,17.92,18.82
5187,129,casual,0,0.5,1.66,1.1
5188,129,casual,1,0.5,6.52,4.71
5189,129,casual,1,0.5,0.94,0.91
5190,129,casual,0,0.5,4.21,4.81
5191,129,dormant,0,0.5,0.0,0.11
5192,129,casual,0,0.5,5.19,5.45
5193,129,casual,1,0.5,9.17,10.8
5194,129,dormant,1,0.5,2.17,0.0
5195,129,casual,1,0.5,4.41,2.07
5196,129,casual,1,0.5,9.47,9.54
5197,129,casual,0,0.5,7.98,6.56
5198,129,power,0,0.5,20.53,22.04
5199,129,power,0,0.5,19.45,18.77
5200,130,dormant,1,0.55,2.02,0.28
5201,130,casual,0,0.55,6.79,6.81
5202,130,dormant,0,0.55,1.33,3.33
5203,130,casual,0,0.55,4.04,2.28
5204,130,casual,0,0.55,3.68,5.24
5205,130,dormant,1,0.55,2.45,3.75
5206,130,dormant,1,0.55,0.0,0.0
5207,130,power,1,0.55,13.07,16.64
5208,130,casual,0,0.55,6.48,9.16
5209,130,power,1,0.55,14.03,17.11
5210,130,casual,1,0.55,6.78,8.8
5211,130,casual,1,0.55,4.36,2.24
5212,130,dormant,1,0.55,1.47,0.0
5213,130,casual,0,0.55,8.56,9.06
5214,130,dormant,0,0.55,2.43,2.04
5215,130,casual,1,0.55,6.18,5.91
5216,130,casual,0,0.55,4.78,5.65
5217,130,dormant,1,0.55,1.5,4.37
5218,130,dormant,1,0.55,1.97,3.44
5219,130,casual,0,0.55,1.64,3.17
5220,130,casual,1,0.55,0.0,2.5
5221,130,dormant,0,0.55,2.86,1.11
5222,130,power,1,0.55,13.33,16.89
5223,130,casual,1,0.55,7.68,4.38
5224,130,dormant,0,0.55,4.65,2.93
5225,130,power,1,0.55,8.58,13.57
5226,130,casual,1,0.55,0.89,1.86
5227,130,casual,0,0.55,6.52,5.0
5228,130,casual,1,0.55,4.68,5.06
5229,130,casual,0,0.55,4.09,8.82
5230,130,casual,1,0.55,2.21,5.24
5231,130,power,0,0.55,15.58,16.25
5232,130,casual,1,0.55,6.97,5.43
5233,130,casual,0,0.55,4.48,4.09
5234,130,dormant,1,0.55,1.64,2.89
5235,130,power,1,0.55,17.92,22.79
5236,130,dormant,0,0.55,1.35,0.0
5237,130,casual,1,0.55,6.73,5.14
5238,130,casual,0,0.55,6.47,9.39
5239,130,dormant,0,0.55,0.81,1.05
5240,131,casual,1,0.625,6.53,9.42
5241,131,dormant,1,0.625,1.68,0.0
5242,131,power,1,0.625,17.51,15.08
5243,131,casual,0,0.625,1.98,2.21
5244,131,dormant,1,0.625,1.33,0.0
5245,131,casual,0,0.625,8.46,8.61
5246,131,casual,0,0.625,3.11,0.16
5247,131,dormant,1,0.625,5.62,1.29
5248,131,casual,0,0.625,7.0,5.86
5249,131,casual,1,0.625,5.57,5.44
5250,131,casual,0,0.625,6.82,7.58
5251,131,casual,0,0.625,6.12,5.76
5252,131,casual,1,0.625,6.09,7.17
5253,131,casual,1,0.625,5.24,4.16
5254,131,power,1,0.625,18.31,21.34
5255,131,dormant,0,0.625,3.43,5.93
5256,131,casual,1,0.625,5.33,10.0
5257,131,dormant,0,0.625,1.91,1.8
5258,131,casual,1,0.625,6.62,9.12
5259,131,casual,1,0.625,3.86,4.43
5260,131,power,1,0.625,11.19,14.08
5261,131,casual,1,0.625,2.19,3.0
5262,131,casual,1,0.625,7.69,5.1
5263,131,casual,1,0.625,4.84,8.22
5264,131,dormant,1,0.625,1.88,1.69
5265,131,dormant,0,0.625,0.74,4.92
5266,131,dormant,1,0.625,2.21,2.01
5267,131,casual,1,0.625,7.38,10.33
5268,131,dormant,1,0.625,0.65,0.0
5269,131,dormant,0,0.625,1.24,3.47
5270,131,dormant,0,0.625,0.0,0.81
5271,131,power,0,0.625,12.75,12.7
5272,131,dormant,0,0.625,0.0,1.37
5273,131,dormant,1,0.625,1.55,1.55
5274,131,dormant,1,0.625,2.87,3.11
5275,131,dormant,1,0.625,0.0,0.0
5276,131,casual,1,0.625,2.71,5.52
5277,131,casual,0,0.625,5.67,8.54
5278,131,power,1,0.625,12.2,11.6
5279,131,casual,0,0.625,3.17,2.83
5280,132,casual,0,0.45,9.04,8.81
5281,132,casual,0,0.45,1.4,3.56
5282,132,dormant,1,0.45,0.76,0.0
5283,132,power,0,0.45,15.64,17.98
5284,132,casual,1,0.45,8.95,10.39
5285,132,casual,0,0.45,7.79,5.0
5286,132,casual,1,0.45,6.85,8.95
5287,132,casual,0,0.45,5.83,3.93
5288,132,power,1,0.45,15.54,20.36
5289,132,casual,1,0.45,2.84,7.2
5290,132,casual,1,0.45,6.93,8.62
5291,132,casual,1,0.45,4.96,5.21
5292,132,dormant,0,0.45,0.0,0.97
5293,132,casual,1,0.45,3.45,1.34
5294,132,dormant,0,0.45,1.17,2.86
5295,132,casual,1,0.45,5.09,6.85
5296,132,power,0,0.45,13.99,13.93
5297,132,power,0,0.45,20.55,20.93
5298,132,dormant,1,0.45,0.03,1.48
5299,132,casual,1,0.45,6.43,8.4
5300,132,power,1,0.45,11.46,16.44
5301,132,dormant,0,0.45,1.91,1.87
5302,132,dormant,0,0.45,4.67,5.13
5303,132,power,0,0.45,17.34,21.03
5304,132,casual,1,0.45,4.79,8.54
5305,132,casual,0,0.45,3.03,7.94
5306,132,casual,0,0.45,4.99,5.11
5307,132,casual,0,0.45,3.03,2.66
5308,132,dormant,0,0.45,0.0,0.0
5309,132,dormant,0,0.45,0.32,0.86
5310,132,power,0,0.45,10.17,11.86
5311,132,casual,1,0.45,3.83,5.04
5312,132,dormant,1,0.45,2.49,1.0
5313,132,dormant,1,0.45,0.0,0.0
5314,132,dormant,0,0.45,1.74,1.77
5315,132,casual,1,0.45,5.1,3.43
5316,132,dormant,1,0.45,0.31,0.0
5317,132,dormant,0,0.45,0.0,1.23
5318,132,casual,0,0.45,10.1,7.88
5319,132,casual,0,0.45,7.85,8.24
5320,133,dormant,0,0.5,4.5,3.89
5321,133,casual,1,0.5,3.39,7.08
5322,133,casual,1,0.5,5.43,7.08
5323,133,casual,1,0.5,2.01,7.45
5324,133,dormant,0,0.5,2.06,3.06
5325,133,power,0,0.5,17.21,19.95
5326,133,casual,0,0.5,2.68,2.07
5327,133,casual,1,0.5,4.21,10.76
5328,133,casual,0,0.5,4.06,7.43
5329,133,casual,1,0.5,6.41,9.3
5330,133,dormant,1,0.5,2.29,2.13
5331,133,casual,1,0.5,4.7,5.9
5332,133,casual,0,0.5,5.38,7.39
5333,133,casual,1,0.5,0.57,4.68
5334,133,casual,0,0.5,4.21,7.24
5335,133,casual,1,0.5,7.32,8.61
5336,133,dormant,1,0.5,0.0,1.51
5337,133,power,0,0.5,18.2,18.34
5338,133,dormant,0,0.5,2.27,2.83
5339,133,power,1,0.5,3.18,11.66
5340,133,casual,0,0.5,3.85,4.99
5341,133,casual,0,0.5,6.28,4.47
5342,133,casual,1,0.5,3.9,5.28
5343,133,dormant,1,0.5,0.96,0.82
5344,133,dormant,1,0.5,0.0,0.0
5345,133,dormant,0,0.5,0.0,2.1
5346,133,casual,1,0.5,2.72,6.13
5347,133,dormant,0,0.5,0.61,2.41
5348,133,dormant,1,0.5,1.84,1.36
5349,133,casual,0,0.5,8.85,5.82
5350,133,power,1,0.5,12.03,13.7
5351,133,casual,0,0.5,7.99,9.43
5352,133,casual,0,0.5,5.37,8.72
5353,133,dormant,0,0.5,1.56,3.91
5354,133,dormant,1,0.5,2.87,2.79
5355,133,dormant,0,0.5,2.64,1.85
5356,133,casual,0,0.5,2.39,3.26
5357,133,casual,1,0.5,5.87,3.09
5358,133,casual,1,0.5,5.9,8.6
5359,133,casual,0,0.5,3.45,2.53
5360,134,casual,0,0.45,6.1,7.71
5361,134,dormant,0,0.45,2.92,2.06
5362,134,power,0,0.45,11.0,11.34
5363,134,dormant,1,0.45,2.65,2.34
5364,134,dormant,0,0.45,1.41,4.24
5365,134,casual,1,0.45,5.66,7.99
5366,134,dormant,1,0.45,0.0,3.31
5367,134,casual,1,0.45,11.95,10.94
5368,134,casual,1,0.45,6.66,5.64
5369,134,casual,0,0.45,4.04,6.15
5370,134,casual,1,0.45,9.57,7.07
5371,134,casual,0,0.45,6.25,6.36
5372,134,dormant,1,0.45,0.0,2.67
5373,134,casual,0,0.45,7.74,4.7
5374,134,casual,1,0.45,10.3,12.42
5375,134,casual,1,0.45,6.31,6.9
5376,134,dormant,0,0.45,0.0,2.55
5377,134,dormant,1,0.45,1.31,1.5
5378,134,dormant,0,0.45,0.64,0.0
5379,134,casual,0,0.45,1.08,4.75
5380,134,casual,0,0.45,5.85,4.35
5381,134,power,1,0.45,20.78,23.75
5382,134,power,0,0.45,8.21,9.26
5383,134,dormant,1,0.45,0.0,0.0
5384,134,dormant,0,0.45,4.47,1.3
5385,134,casual,1,0.45,8.86,8.93
5386,134,dormant,0,0.45,2.31,2.65
5387,134,dormant,1,0.45,1.14,0.0
5388,134,power,1,0.45,11.82,15.59
5389,134,casual,0,0.45,6.08,7.16
5390,134,casual,0,0.45,4.28,2.38
5391,134,casual,0,0.45,1.69,3.88
5392,134,casual,1,0.45,8.52,8.57
5393,134,power,1,0.45,14.55,21.99
5394,134,power,0,0.45,14.59,14.0
5395,134,casual,0,0.45,9.05,7.79
5396,134,dormant,0,0.45,1.38,1.33
5397,134,dormant,0,0.45,0.44,5.14
5398,134,dormant,1,0.45,0.0,0.0
5399,134,dormant,0,0.45,0.51,1.65
5400,135,casual,1,0.5,0.0,2.35
5401,135,dormant,0,0.5,3.24,0.0
5402,135,dormant,1,0.5,1.05,0.8
5403,135,power,1,0.5,14.64,14.59
5404,135,casual,1,0.5,9.32,10.62
5405,135,dormant,0,0.5,2.25,3.31
5406,135,casual,0,0.5,1.16,0.49
5407,135,casual,0,0.5,5.62,8.44
5408,135,casual,1,0.5,4.37,5.48
5409,135,power,0,0.5,17.1,18.92
5410,135,power,0,0.5,8.36,7.92
5411,135,casual,1,0.5,9.88,10.76
5412,135,casual,1,0.5,6.32,4.81
5413,135,casual,1,0.5,4.62,6.26
5414,135,dormant,1,0.5,0.0,3.16
5415,135,casual,0,0.5,4.85,5.82
5416,135,dormant,0,0.5,1.47,0.0
5417,135,casual,0,0.5,7.99,9.23
5418,135,casual,0,0.5,5.88,8.03
5419,135,dormant,1,0.5,3.17,1.06
5420,135,casual,0,0.5,6.44,7.58
5421,135,dormant,1,0.5,2.96,1.27
5422,135,casual,1,0.5,4.64,4.54
5423,135,dormant,0,0.5,2.96,3.59
5424,135,power,0,0.5,17.41,21.17
5425,135,dormant,0,0.5,4.11,2.2
5426,135,casual,1,0.5,4.34,6.99
5427,135,casual,1,0.5,2.36,3.65
5428,135,casual,0,0.5,2.47,3.34
5429,135,dormant,1,0.5,0.0,3.69
5430,135,dormant,1,0.5,1.5,0.74
5431,135,dormant,1,0.5,0.9,0.52
5432,135,dormant,0,0.5,0.0,0.53
5433,135,casual,1,0.5,6.23,4.22
5434,135,dormant,1,0.5,2.12,1.26
5435,135,casual,1,0.5,10.8,9.66
5436,135,casual,0,0.5,2.84,2.95
5437,135,casual,0,0.5,1.68,5.57
5438,135,casual,0,0.5,8.7,7.55
5439,135,dormant,0,0.5,0.37,3.6
5440,136,dormant,1,0.425,1.03,0.0
5441,136,dormant,0,0.425,0.0,2.56
5442,136,casual,1,0.425,0.18,1.85
5443,136,power,1,0.425,19.21,22.9
5444,136,casual,0,0.425,3.33,4.05
5445,136,casual,1,0.425,10.21,10.42
5446,136,dormant,1,0.425,3.51,0.21
5447,136,casual,0,0.425,5.57,5.18
5448,136,casual,1,0.425,6.39,6.98
5449,136,dormant,0,0.425,0.0,0.52
5450,136,dormant,0,0.425,1.16,1.6
5451,136,dormant,0,0.425,0.0,0.0
5452,136,dormant,1,0.425,2.37,0.33
5453,136,casual,0,0.425,1.13,2.21
5454,136,dormant,1,0.425,0.25,0.93
5455,136,casual,0,0.425,3.88,3.31
5456,136,dormant,0,0.425,0.0,2.38
5457,136,casual,0,0.425,7.5,6.74
5458,136,casual,1,0.425,5.56,7.45
5459,136,dormant,1,0.425,2.61,2.7
5460,136,casual,0,0.425,5.81,7.64
5461,136,casual,1,0.425,5.75,6.53
5462,136,dormant,1,0.425,1.96,1.84
5463,136,casual,0,0.425,8.96,4.81
5464,136,dormant,0,0.425,1.02,1.17
5465,136,casual,0,0.425,6.93,8.15
5466,136,power,0,0.425,12.74,11.07
5467,136,casual,0,0.425,4.4,1.07
5468,136,casual,0,0.425,0.25,3.64
5469,136,casual,1,0.425,7.15,8.99
5470,136,power,0,0.425,19.42,19.79
5471,136,casual,1,0.425,4.99,6.26
5472,136,casual,0,0.425,3.92,4.38
5473,136,dormant,1,0.425,1.36,3.77
5474,136,casual,0,0.425,5.84,8.0
5475,136,casual,1,0.425,6.78,8.26
5476,136,dormant,0,0.425,0.95,3.66
5477,136,power,1,0.425,16.37,14.64
5478,136,casual,0,0.425,6.6,8.48
5479,136,casual,0,0.425,5.88,2.97
5480,137,casual,0,0.475,9.28,7.78
5481,137,casual,0,0.475,8.25,7.45
5482,137,casual,0,0.475,1.57,1.75
5483,137,casual,0,0.475,11.66,10.57
5484,137,casual,0,0.475,0.36,0.37
5485,137,power,1,0.475,14.47,15.08
5486,137,casual,1,0.475,7.35,7.42
5487,137,casual,0,0.475,0.0,0.12
5488,137,casual,1,0.475,5.18,4.23
5489,137,dormant,0,0.475,4.63,4.0
5490,137,dormant,1,0.475,0.19,2.19
5491,137,dormant,0,0.475,0.0,0.0
5492,137,dormant,0,0.475,2.52,0.88
5493,137,casual,1,0.475,8.52,9.76
5494,137,casual,1,0.475,4.6,3.77
5495,137,power,0,0.475,13.48,19.0
5496,137,casual,0,0.475,5.17,9.17
5497,137,casual,0,0.475,8.49,5.0
5498,137,casual,1,0.475,9.04,8.92
5499,137,casual,0,0.475,7.61,8.59
5500,137,dormant,1,0.475,3.0,1.38
5501,137,casual,1,0.475,6.89,7.49
5502,137,casual,0,0.475,7.46,5.26
5503,137,casual,1,0.475,8.86,8.77
5504,137,dormant,0,0.475,4.5,4.83
5505,137,casual,1,0.475,2.79,4.72
5506,137,casual,1,0.475,4.8,3.62
5507,137,casual,1,0.475,10.43,9.99
5508,137,casual,0,0.475,3.51,4.32
5509,137,power,0,0.475,14.84,19.42
5510,137,casual,1,0.475,6.1,8.67
5511,137,casual,1,0.475,4.75,9.4
5512,137,casual,1,0.475,5.23,7.06
5513,137,casual,1,0.475,8.25,3.74
5514,137,power,0,0.475,12.79,14.03
5515,137,dormant,1,0.475,0.8,0.0
5516,137,casual,0,0.475,4.52,5.53
5517,137,dormant,1,0.475,0.0,0.55
5518,137,dormant,0,0.475,0.78,1.01
5519,137,casual,0,0.475,5.08,2.68
5520,138,casual,1,0.6,5.83,6.24
5521,138,casual,0,0.6,2.45,6.39
5522,138,casual,1,0.6,5.12,6.87
5523,138,power,0,0.6,17.05,18.19
5524,138,casual,0,0.6,5.76,6.63
5525,138,casual,1,0.6,4.04,8.79
5526,138,casual,0,0.6,7.68,6.31
5527,138,casual,1,0.6,6.37,4.42
5528,138,casual,1,0.6,1.55,4.01
5529,138,dormant,1,0.6,2.07,0.0
5530,138,casual,1,0.6,2.17,2.08
5531,138,dormant,0,0.6,0.0,0.0
5532,138,casual,0,0.6,0.19,0.26
5533,138,casual,1,0.6,4.51,3.54
5534,138,casual,1,0.6,5.92,9.44
5535,138,dormant,0,0.6,1.5,3.14
5536,138,casual,0,0.6,5.09,6.63
5537,138,dormant,0,0.6,2.03,0.0
5538,138,casual,1,0.6,4.37,5.38
5539,138,power,0,0.6,14.98,20.02
5540,138,casual,1,0.6,3.38,6.63
5541,138,dormant,1,0.6,0.0,0.0
5542,138,dormant,1,0.6,0.0,0.91
5543,138,casual,1,0.6,4.8,2.91
5544,138,casual,1,0.6,6.01,7.99
5545,138,casual,1,0.6,8.14,6.74
5546,138,dormant,0,0.6,0.73,3.1
5547,138,casual,0,0.6,7.01,7.97
5548,138,dormant,1,0.6,1.89,3.57
5549,138,dormant,0,0.6,0.5,2.86
5550,138,casual,1,0.6,5.31,9.61
5551,138,casual,1,0.6,7.42,7.5
5552,138,casual,1,0.6,6.3,6.94
5553,138,casual,1,0.6,2.93,5.43
5554,138,power,0,0.6,15.7,12.78
5555,138,casual,0,0.6,7.29,6.36
5556,138,casual,1,0.6,11.09,9.32
5557,138,power,1,0.6,9.36,14.44
5558,138,power,0,0.6,16.95,15.58
5559,138,dormant,1,0.6,3.27,1.94
5560,139,casual,1,0.475,4.39,6.44
5561,139,casual,1,0.475,8.7,9.41
5562,139,casual,0,0.475,9.43,8.31
5563,139,casual,1,0.475,0.0,3.98
5564,139,casual,0,0.475,3.54,4.12
5565,139,casual,1,0.475,1.72,8.0
5566,139,casual,0,0.475,8.05,4.45
5567,139,dormant,0,0.475,0.01,1.95
5568,139,casual,1,0.475,8.73,10.87
5569,139,casual,0,0.475,0.65,2.16
5570,139,casual,0,0.475,4.63,5.37
5571,139,casual,0,0.475,5.92,3.89
5572,139,dormant,0,0.475,0.55,3.21
5573,139,casual,1,0.475,4.82,3.73
5574,139,casual,1,0.475,1.88,3.13
5575,139,casual,0,0.475,5.83,4.39
5576,139,dormant,0,0.475,3.54,1.06
5577,139,dormant,1,0.475,0.43,2.68
5578,139,casual,0,0.475,5.29,6.65
5579,139,casual,1,0.475,8.37,5.22
5580,139,dormant,1,0.475,0.7,0.0
5581,139,casual,0,0.475,8.23,6.96
5582,139,casual,0,0.475,7.47,6.54
5583,139,dormant,1,0.475,2.52,0.35
5584,139,casual,0,0.475,8.47,7.57
5585,139,casual,1,0.475,7.32,8.7
5586,139,power,1,0.475,17.11,18.15
5587,139,casual,0,0.475,5.09,3.17
5588,139,casual,0,0.475,5.56,4.08
5589,139,power,0,0.475,14.85,14.81
5590,139,casual,1,0.475,2.1,6.53
5591,139,dormant,0,0.475,2.76,0.94
5592,139,dormant,1,0.475,0.0,0.0
5593,139,dormant,1,0.475,2.52,4.43
5594,139,casual,1,0.475,9.28,8.29
5595,139,casual,1,0.475,5.09,7.42
5596,139,casual,0,0.475,4.15,5.7
5597,139,dormant,1,0.475,0.0,1.54
5598,139,casual,0,0.475,7.94,9.85
5599,139,casual,0,0.475,7.07,5.58
5600,140,casual,0,0.5,3.07,5.28
5601,140,casual,0,0.5,0.56,2.72
5602,140,casual,0,0.5,7.09,8.81
5603,140,dormant,1,0.5,3.34,1.56
5604,140,casual,0,0.5,5.31,9.98
5605,140,power,0,0.5,6.0,6.37
5606,140,dormant,1,0.5,0.0,1.29
5607,140,casual,1,0.5,8.86,8.45
5608,140,casual,0,0.5,1.34,1.83
5609,140,dormant,1,0.5,1.28,0.42
5610,140,casual,1,0.5,7.54,7.6
5611,140,casual,1,0.5,7.9,6.51
5612,140,casual,1,0.5,3.12,3.81
5613,140,dormant,1,0.5,0.39,0.64
5614,140,casual,0,0.5,6.2,7.13
5615,140,dormant,0,0.5,3.71,2.33
5616,140,power,0,0.5,19.87,18.25
5617,140,casual,1,0.5,4.72,5.66
5618,140,power,1,0.5,13.98,18.09
5619,140,casual,1,0.5,0.0,5.96
5620,140,casual,1,0.5,5.35,5.34
5621,140,casual,0,0.5,11.11,12.19
5622,140,dormant,0,0.5,2.12,0.0
5623,140,casual,0,0.5,8.25,5.81
5624,140,casual,0,0.5,11.55,11.06
5625,140,dormant,0,0.5,1.8,0.7
5626,140,dormant,1,0.5,0.58,0.76
5627,140,power,1,0.5,14.07,17.39
5628,140,casual,1,0.5,5.73,7.51
5629,140,casual,0,0.5,2.95,5.35
5630,140,casual,1,0.5,4.7,7.26
5631,140,power,0,0.5,5.22,9.79
5632,140,casual,0,0.5,2.46,4.94
5633,140,casual,1,0.5,4.0,4.62
5634,140,casual,1,0.5,2.13,4.14
5635,140,dormant,1,0.5,0.0,0.0
5636,140,casual,0,0.5,1.26,6.03
5637,140,dormant,0,0.5,0.81,2.46
5638,140,casual,1,0.5,2.8,5.04
5639,140,casual,0,0.5,4.69,5.5
5640,141,casual,0,0.45,6.06,6.08
5641,141,casual,0,0.45,5.12,4.46
5642,141,casual,0,0.45,6.84,9.26
5643,141,casual,0,0.45,3.64,4.85
5644,141,dormant,0,0.45,2.39,3.22
5645,141,casual,1,0.45,4.58,5.66
5646,141,dormant,1,0.45,0.0,0.0
5647,141,casual,0,0.45,2.95,3.72
5648,141,casual,0,0.45,1.85,2.32
5649,141,casual,1,0.45,3.17,3.86
5650,141,casual,1,0.45,3.91,4.34
5651,141,casual,0,0.45,4.06,4.2
5652,141,casual,1,0.45,8.03,8.39
5653,141,casual,0,0.45,9.79,7.07
5654,141,casual,0,0.45,0.96,2.9
5655,141,casual,1,0.45,3.21,3.54
5656,141,casual,0,0.45,7.49,8.82
5657,141,power,0,0.45,14.24,15.6
5658,141,casual,0,0.45,5.15,4.79
5659,141,power,1,0.45,12.23,14.52
5660,141,power,1,0.45,8.54,12.07
5661,141,power,1,0.45,18.22,23.91
5662,141,dormant,0,0.45,0.99,2.36
5663,141,dormant,1,0.45,0.0,1.99
5664,141,dormant,1,0.45,3.19,4.55
5665,141,casual,0,0.45,2.59,3.15
5666,141,dormant,1,0.45,2.38,0.0
5667,141,casual,1,0.45,6.01,8.0
5668,141,power,1,0.45,10.04,11.21
5669,141,casual,0,0.45,4.77,3.41
5670,141,casual,1,0.45,2.79,0.0
5671,141,power,0,0.45,6.7,4.95
5672,141,casual,0,0.45,6.01,6.51
5673,141,casual,0,0.45,2.83,5.17
5674,141,casual,1,0.45,10.71,10.77
5675,141,casual,1,0.45,4.36,4.78
5676,141,power,0,0.45,11.28,8.87
5677,141,casual,0,0.45,7.73,4.62
5678,141,casual,1,0.45,2.59,7.71
5679,141,casual,0,0.45,2.5,3.1
5680,142,casual,0,0.475,3.76,3.82
5681,142,power,0,0.475,8.27,13.49
5682,142,casual,0,0.475,5.3,5.14
5683,142,casual,1,0.475,5.45,6.58
5684,142,casual,0,0.475,6.51,5.39
5685,142,power,1,0.475,18.11,16.81
5686,142,casual,1,0.475,3.4,8.32
5687,142,casual,0,0.475,4.54,5.01
5688,142,dormant,1,0.475,0.0,0.38
5689,142,casual,1,0.475,2.06,0.95
5690,142,casual,0,0.475,7.51,4.84
5691,142,casual,1,0.475,7.22,4.39
5692,142,power,1,0.475,11.36,16.19
5693,142,dormant,0,0.475,1.97,0.0
5694,142,casual,1,0.475,4.27,10.95
5695,142,casual,0,0.475,6.87,6.2
5696,142,power,1,0.475,9.04,10.25
5697,142,dormant,0,0.475,3.34,1.54
5698,142,casual,0,0.475,7.57,5.16
5699,142,dormant,1,0.475,0.0,3.17
5700,142,casual,1,0.475,0.67,1.36
5701,142,power,0,0.475,8.62,12.93
5702,142,dormant,0,0.475,0.53,2.37
5703,142,dormant,0,0.475,5.03,2.2
5704,142,dormant,0,0.475,2.3,2.66
5705,142,casual,0,0.475,5.16,6.59
5706,142,casual,1,0.475,5.41,5.34
5707,142,dormant,0,0.475,4.72,0.26
5708,142,casual,1,0.475,4.35,9.15
5709,142,power,0,0.475,15.66,13.58
5710,142,casual,1,0.475,11.71,8.33
5711,142,power,1,0.475,17.08,21.81
5712,142,casual,1,0.475,3.65,4.52
5713,142,dormant,1,0.475,0.0,0.0
5714,142,dormant,0,0.475,2.54,2.47
5715,142,casual,0,0.475,5.53,9.43
5716,142,dormant,1,0.475,3.83,0.0
5717,142,power,0,0.475,12.1,12.08
5718,142,dormant,0,0.475,1.75,3.52
5719,142,casual,1,0.475,11.05,10.67
5720,143,dormant,1,0.55,2.35,0.0
5721,143,power,1,0.55,20.35,23.32
5722,143,power,1,0.55,6.1,9.04
5723,143,dormant,0,0.55,0.0,2.78
5724,143,casual,1,0.55,10.88,6.54
5725,143,casual,1,0.55,5.17,6.6
5726,143,dormant,1,0.55,0.1,0.89
5727,143,casual,1,0.55,5.11,6.75
5728,143,power,1,0.55,15.15,18.54
5729,143,casual,0,0.55,5.27,5.95
5730,143,power,0,0.55,13.38,16.84
5731,143,casual,0,0.55,6.78,6.27
5732,143,power,1,0.55,8.28,13.86
5733,143,casual,0,0.55,4.64,3.61
5734,143,casual,1,0.55,5.08,5.38
5735,143,dormant,0,0.55,4.98,0.0
5736,143,power,0,0.55,7.52,12.64
5737,143,power,1,0.55,7.96,10.58
5738,143,dormant,0,0.55,0.9,1.87
5739,143,dormant,1,0.55,0.14,3.29
5740,143,dormant,1,0.55,2.47,1.71
5741,143,casual,1,0.55,9.84,7.32
5742,143,dormant,0,0.55,0.66,0.44
5743,143,dormant,1,0.55,1.08,1.06
5744,143,power,0,0.55,17.44,21.98
5745,143,dormant,0,0.55,2.09,1.75
5746,143,dormant,0,0.55,0.0,0.0
5747,143,casual,1,0.55,9.23,8.73
5748,143,power,1,0.55,20.82,21.25
5749,143,casual,0,0.55,0.52,8.62
5750,143,power,1,0.55,16.74,18.87
5751,143,casual,0,0.55,6.89,6.69
5752,143,power,1,0.55,18.8,24.14
5753,143,casual,0,0.55,1.45,3.24
5754,143,power,0,0.55,9.67,8.74
5755,143,casual,1,0.55,7.01,9.12
5756,143,casual,0,0.55,12.19,8.92
5757,143,dormant,0,0.55,1.59,0.53
5758,143,dormant,1,0.55,0.0,1.92
5759,143,dormant,1,0.55,2.99,4.22
5760,144,casual,1,0.6,3.51,7.3
5761,144,dormant,1,0.6,2.44,1.92
5762,144,casual,1,0.6,3.06,3.35
5763,144,casual,0,0.6,5.89,3.73
5764,144,casual,1,0.6,7.51,6.56
5765,144,casual,1,0.6,6.91,9.39
5766,144,casual,0,0.6,7.37,7.86
5767,144,dormant,0,0.6,0.0,2.81
5768,144,dormant,1,0.6,1.25,0.31
5769,144,casual,0,0.6,4.06,5.15
5770,144,casual,1,0.6,8.46,12.38
5771,144,casual,1,0.6,0.86,2.41
5772,144,power,0,0.6,8.41,10.63
5773,144,dormant,1,0.6,1.99,3.9
5774,144,casual,1,0.6,6.29,9.5
5775,144,dormant,1,0.6,0.78,2.46
5776,144,casual,1,0.6,4.32,4.15
5777,144,dormant,1,0.6,1.39,1.42
5778,144,power,1,0.6,10.57,16.5
5779,144,casual,1,0.6,2.73,0.84
5780,144,dormant,1,0.6,0.98,0.0
5781,144,dormant,1,0.6,1.46,0.79
5782,144,casual,1,0.6,6.35,8.9
5783,144,casual,1,0.6,1.03,2.2
5784,144,casual,0,0.6,4.78,5.51
5785,144,power,0,0.6,10.81,15.83
5786,144,dormant,0,0.6,1.48,2.54
5787,144,casual,0,0.6,3.88,4.78
5788,144,casual,0,0.6,4.6,4.75
5789,144,casual,0,0.6,5.49,4.59
5790,144,casual,1,0.6,8.62,10.58
5791,144,casual,0,0.6,1.87,4.86
5792,144,casual,1,0.6,2.65,2.8
5793,144,dormant,0,0.6,0.0,2.33
5794,144,casual,1,0.6,4.8,4.8
5795,144,casual,1,0.6,6.3,4.97
5796,144,dormant,0,0.6,3.36,0.0
5797,144,casual,0,0.6,2.43,3.48
5798,144,dormant,0,0.6,4.87,1.78
5799,144,casual,1,0.6,4.28,6.71
5800,145,dormant,1,0.575,4.43,0.0
5801,145,casual,1,0.575,7.34,8.54
5802,145,casual,0,0.575,7.92,7.53
5803,145,casual,1,0.575,2.51,3.74
5804,145,casual,0,0.575,5.23,6.92
5805,145,casual,1,0.575,6.55,5.33
5806,145,casual,1,0.575,4.85,5.71
5807,145,power,0,0.575,7.85,10.87
5808,145,casual,0,0.575,3.28,0.0
5809,145,power,1,0.575,22.7,26.32
5810,145,casual,0,0.575,0.52,2.55
5811,145,dormant,1,0.575,3.23,1.85
5812,145,casual,1,0.575,8.61,13.83
5813,145,casual,1,0.575,6.68,8.27
5814,145,casual,0,0.575,3.17,3.39
5815,145,casual,1,0.575,5.67,6.23
5816,145,casual,0,0.575,7.13,8.07
5817,145,casual,1,0.575,7.45,6.74
5818,145,power,0,0.575,21.17,18.5
5819,145,dormant,1,0.575,5.75,2.29
5820,145,casual,0,0.575,8.69,7.7
5821,145,dormant,1,0.575,0.0,0.0
5822,145,dormant,1,0.575,0.0,1.67
5823,145,dormant,0,0.575,2.85,2.86
5824,145,dormant,0,0.575,0.82,0.97
5825,145,dormant,0,0.575,0.0,1.46
5826,145,casual,1,0.575,6.79,6.24
5827,145,dormant,1,0.575,0.0,2.08
5828,145,casual,1,0.575,9.13,9.49
5829,145,dormant,0,0.575,3.52,1.38
5830,145,dormant,1,0.575,0.51,3.92
5831,145,casual,1,0.575,10.07,7.37
5832,145,casual,0,0.575,5.77,5.48
5833,145,casual,1,0.575,8.72,6.54
5834,145,casual,1,0.575,3.66,6.49
5835,145,casual,1,0.575,9.74,7.72
5836,145,casual,0,0.575,2.37,5.62
5837,145,casual,1,0.575,10.45,11.8
5838,145,casual,0,0.575,5.44,9.75
5839,145,dormant,0,0.575,0.0,0.0
5840,146,dormant,0,0.475,1.81,1.83
5841,146,casual,1,0.475,6.86,9.74
5842,146,power,0,0.475,6.92,11.25
5843,146,casual,1,0.475,5.18,8.93
5844,146,dormant,1,0.475,2.85,0.0
5845,146,dormant,1,0.475,0.0,0.02
5846,146,dormant,1,0.475,1.44,3.17
5847,146,power,0,0.475,8.81,11.62
5848,146,casual,1,0.475,7.01,7.99
5849,146,casual,0,0.475,2.62,1.56
5850,146,casual,1,0.475,2.9,4.79
5851,146,casual,1,0.475,7.9,8.17
5852,146,dormant,1,0.475,0.53,2.59
5853,146,power,0,0.475,6.68,9.5
5854,146,dormant,1,0.475,0.0,0.36
5855,146,casual,0,0.475,2.29,6.37
5856,146,dormant,0,0.475,1.65,4.18
5857,146,dormant,0,0.475,1.06,1.2
5858,146,dormant,0,0.475,2.86,1.55
5859,146,casual,0,0.475,2.97,5.53
5860,146,dormant,1,0.475,2.46,3.11
5861,146,dormant,0,0.475,2.58,0.69
5862,146,casual,0,0.475,1.9,3.81
5863,146,casual,1,0.475,8.22,7.48
5864,146,casual,0,0.475,2.46,4.48
5865,146,casual,0,0.475,5.51,3.52
5866,146,power,1,0.475,11.53,14.1
5867,146,power,1,0.475,13.32,16.09
5868,146,dormant,0,0.475,2.53,5.59
5869,146,casual,0,0.475,8.53,5.98
5870,146,casual,1,0.475,7.02,7.08
5871,146,casual,1,0.475,6.96,7.87
5872,146,casual,1,0.475,6.88,8.11
5873,146,dormant,0,0.475,0.1,0.0
5874,146,casual,0,0.475,5.44,4.96
5875,146,dormant,0,0.475,1.02,3.53
5876,146,dormant,1,0.475,3.28,3.93
5877,146,power,1,0.475,15.55,16.52
5878,146,dormant,0,0.475,1.23,1.41
5879,146,dormant,0,0.475,1.64,0.14
5880,147,casual,1,0.675,5.96,8.83
5881,147,power,1,0.675,16.99,18.97
5882,147,casual,0,0.675,8.44,7.47
5883,147,dormant,1,0.675,0.0,3.7
5884,147,casual,0,0.675,5.92,7.13
5885,147,casual,1,0.675,4.37,2.78
5886,147,dormant,0,0.675,0.13,1.0
5887,147,casual,1,0.675,4.01,7.22
5888,147,dormant,0,0.675,0.07,0.0
5889,147,casual,1,0.675,2.41,4.72
5890,147,dormant,1,0.675,0.69,3.12
5891,147,casual,1,0.675,5.97,7.98
5892,147,power,1,0.675,13.8,20.32
5893,147,dormant,1,0.675,2.62,0.98
5894,147,casual,1,0.675,5.73,4.11
5895,147,casual,0,0.675,4.58,4.96
5896,147,casual,1,0.675,4.71,7.41
5897,147,casual,0,0.675,4.1,4.2
5898,147,power,1,0.675,16.19,19.25
5899,147,dormant,0,0.675,1.43,1.81
5900,147,casual,1,0.675,0.11,0.75
5901,147,casual,1,0.675,3.4,5.57
5902,147,dormant,1,0.675,3.0,4.25
5903,147,casual,1,0.675,5.31,2.18
5904,147,casual,0,0.675,6.09,4.47
5905,147,casual,1,0.675,0.0,5.1
5906,147,casual,1,0.675,4.28,7.88
5907,147,dormant,0,0.675,0.0,1.62
5908,147,dormant,1,0.675,1.58,0.0
5909,147,casual,1,0.675,4.99,4.34
5910,147,dormant,1,0.675,1.83,4.03
5911,147,casual,1,0.675,5.87,6.13
5912,147,casual,0,0.675,0.99,4.89
5913,147,dormant,0,0.675,3.1,1.07
5914,147,casual,1,0.675,8.4,8.0
5915,147,casual,0,0.675,5.11,8.1
5916,147,casual,1,0.675,7.41,6.84
5917,147,casual,0,0.675,4.31,3.74
5918,147,casual,1,0.675,4.45,5.3
5919,147,casual,1,0.675,4.14,1.84
5920,148,dormant,1,0.5,1.99,1.16
5921,148,dormant,0,0.5,4.41,0.0
5922,148,power,0,0.5,9.86,12.5
5923,148,dormant,1,0.5,0.75,0.0
5924,148,casual,1,0.5,1.76,4.32
5925,148,power,0,0.5,18.46,20.65
5926,148,casual,0,0.5,6.51,7.03
5927,148,power,1,0.5,13.97,18.65
5928,148,casual,0,0.5,2.96,1.26
5929,148,dormant,0,0.5,0.52,0.28
5930,148,casual,0,0.5,11.22,12.15
5931,148,power,1,0.5,8.53,10.4
5932,148,casual,0,0.5,4.48,3.29
5933,148,casual,0,0.5,0.0,3.32
5934,148,dormant,0,0.5,3.25,0.51
5935,148,dormant,1,0.5,0.0,0.92
5936,148,casual,0,0.5,6.14,3.37
5937,148,casual,0,0.5,5.21,5.31
5938,148,casual,1,0.5,5.79,4.42
5939,148,casual,1,0.5,6.79,3.65
5940,148,casual,1,0.5,6.17,6.49
5941,148,casual,1,0.5,4.75,6.56
5942,148,casual,1,0.5,2.82,0.64
5943,148,casual,1,0.5,10.73,10.15
5944,148,dormant,0,0.5,1.21,3.13
5945,148,power,0,0.5,9.94,12.65
5946,148,dormant,0,0.5,2.43,0.52
5947,148,dormant,0,0.5,0.0,0.11
5948,148,casual,0,0.5,5.88,2.21
5949,148,dormant,1,0.5,0.0,0.18
5950,148,casual,1,0.5,6.68,5.31
5951,148,power,1,0.5,11.13,14.73
5952,148,casual,1,0.5,4.45,4.66
5953,148,casual,0,0.5,6.02,5.09
5954,148,casual,1,0.5,4.37,9.84
5955,148,dormant,0,0.5,0.79,1.59
5956,148,dormant,1,0.5,0.0,2.43
5957,148,casual,1,0.5,7.01,7.33
5958,148,casual,1,0.5,3.33,6.37
5959,148,power,0,0.5,27.6,26.92
5960,149,dormant,1,0.5,0.0,0.26
5961,149,dormant,1,0.5,0.09,4.37
5962,149,power,0,0.5,15.33,17.98
5963,149,casual,0,0.5,3.71,1.85
5964,149,dormant,1,0.5,1.16,0.66
5965,149,casual,1,0.5,5.56,7.35
5966,149,casual,1,0.5,5.32,3.15
5967,149,dormant,0,0.5,0.0,0.15
5968,149,dormant,0,0.5,0.0,1.79
5969,149,casual,1,0.5,5.52,6.29
5970,149,dormant,0,0.5,1.38,2.32
5971,149,dormant,1,0.5,0.77,2.48
5972,149,casual,1,0.5,2.22,5.32
5973,149,casual,1,0.5,9.19,9.43
5974,149,power,1,0.5,13.19,15.3
5975,149,dormant,1,0.5,0.0,1.24
5976,149,dormant,1,0.5,2.82,2.24
5977,149,casual,0,0.5,7.49,8.22
5978,149,dormant,1,0.5,0.84,2.49
5979,149,casual,0,0.5,1.4,2.75
5980,149,casual,1,0.5,11.15,11.15
5981,149,casual,0,0.5,5.65,2.69
5982,149,casual,0,0.5,6.19,9.33
5983,149,casual,1,0.5,3.9,7.85
5984,149,casual,0,0.5,7.75,4.07
5985,149,casual,0,0.5,5.56,2.42
5986,149,casual,0,0.5,6.99,5.97
5987,149,casual,0,0.5,7.57,4.56
5988,149,casual,1,0.5,7.95,8.48
5989,149,casual,1,0.5,5.83,6.33
5990,149,casual,0,0.5,7.58,6.42
5991,149,casual,0,0.5,4.67,3.91
5992,149,dormant,1,0.5,2.42,1.28
5993,149,casual,0,0.5,3.77,5.35
5994,149,dormant,0,0.5,3.24,1.29
5995,149,dormant,0,0.5,0.02,0.0
5996,149,casual,1,0.5,6.03,8.83
5997,149,casual,1,0.5,0.3,0.0
5998,149,casual,0,0.5,4.64,7.61
5999,149,power,0,0.5,22.21,21.94
